Name,D (Mpc),D_err (Mpc),q (b/a),Incl (deg),Mbar,M_gas,M*(g-r),g-r,Rh,Mh,Mh_err,M_Re,Me_gmr,Me_gmrerr,M_R235,M235_gmr,M235_gmrerr,M1kpc_gmr,M1kpc_gmrerr,Rho_h,Rho_e
UGC711,26.4,6.6,0.9014,26.22618440290994,1727037842.0867171,0.0,1727037842.0867171,0.4859999999999989,7.3764614570947025,863518921.0433586,751547227.8330379,7.188304785644763,847476246.1556276,740165956.3958861,10.338848597088,1177840471.6290622,1028770888.9829,103216447.91247731,89965019.72840297,27.215794557466253,28.123313638106353
NGC3274,6.7,0.67,0.512,61.24661668183263,1132811939.372795,958999999.9999999,173811939.37279525,0.370000000000001,0.6550129377029537,86905969.68639763,32868173.63562957,0.624060327048442,81979719.2682816,30198775.568689737,1.5041561539534776,160272381.02096766,61050889.19069178,128611941.18169703,53129482.83349094,45.2081072278608,47.97765214472584
UGC07089,9.16,2.29,0.7773,39.94883231577459,2181411262.2508492,1699600000.0,481811262.25084925,0.5339999999999989,2.307259638036795,240905631.12542462,210002401.95546713,2.2249667527846566,232149196.68789354,202415762.76835638,3.430719228149714,348325887.08430046,304730226.65495497,82571725.90058449,71805819.96175255,29.620232507434622,31.71437099966368
UGC00891,7.39,1.478,0.6945,47.250561801545665,661976129.7308724,592200000.0,69776129.73087236,0.4419999999999984,1.1115672830807495,34888064.865436174,24700691.5623812,1.2707482899100389,44117247.912028365,31226312.572666675,1.5390951962440007,53101141.98020961,37473050.32423177,29102734.922431476,20423152.713555593,16.297583348079247,12.279694928793164
UGC07577,1.69,0.4225,0.45,65.70559431904962,75507222.70151132,61599999.99999999,13907222.701511336,0.42300000000000004,-,-,-,0.4762806431121114,6762026.7068427,5962624.748617565,0.4934273440422863,7074231.344981052,6223298.395257369,-,-,7.13389873463433,7.347861884155615
GASS10813,114.8,5.74,0.1938,0,100462788260.18814,824381117.4978237,99638407142.69032,1.0669999999999984,2.4901234192545436,49819203571.34516,9190613945.588392,3.4129236473378994,55015431787.384315,10287203179.350935,7.508894669542472,79413932154.54823,19015267746.490387,46531417762.042915,8349033968.239243,700.4156673598673,376.5201877276906
GASS11223,152.0,7.6000000000000005,0.4405,66.38600614320967,107874114650.12872,3134209593.9956727,104739905056.13306,0.9250000000000007,3.363113998442226,52369952528.06653,17087804668.452019,3.575556797562531,55089942275.9269,18065161388.57072,10.231547664612766,98365027669.83267,37015690597.914734,18255722493.360565,4004540659.583085,815.757220998177,760.180755704578
NGC6503,6.26,0.626,0.6841,48.11005588380268,6923196629.480335,0.0,6923196629.480335,0.7019999999999982,1.5920331339917713,3461598314.740168,1271211826.196282,1.8550771126366388,3973703277.216789,1448863036.4119647,4.961444159299315,6728638478.707718,2356542131.1583805,2290937906.195999,858358934.1712552,813.2498507639181,605.1718598856475
GASS3645,131.5,6.575,0.5468,58.707654954191234,33794231518.197323,4530311197.014792,29263920321.18253,0.7889999999999979,1.4697344327572648,14631960160.591265,3144446444.9816313,2.232147467136152,19337633925.30853,4210293102.0375876,7.470259526319667,28498204478.8944,10870753271.250002,11589096720.359844,2139742331.5771854,1165.9864145841957,525.3811317206099
UGC10564,18.415309788908736,1.8415309788908738,0.5222,60.506189246770354,1127527279.9668987,0.0,1127527279.9668987,0.4610000000000003,3.1910494657614548,563763639.9834493,214695089.65485448,3.637018527375401,634995149.8203294,246388433.53110734,4.7040639999999945,763688579.5955328,314718549.38316876,92918923.91250719,35244917.35001893,21.029359974957305,16.00796857734075
LSBD564-8,6.435457721930473,0.6435457721930473,0.0985,0,6789595.214537049,0.0,6789595.214537049,0.46499999999999986,-,-,-,0.5142081788048564,3644575.8350453456,1808179.9587634979,0.07134589090909099,482053.4295254729,222939.82307219706,-,-,2.9306945055416196,2.6967358651199453
GASS17640,149.5,7.4750000000000005,0.6041,54.423687222535314,135196296462.11717,5573500387.748957,129622796074.36821,0.9310000000000009,2.084623193836345,64811398037.184105,22797508933.412083,5.225627404360938,103471871024.95396,27957413057.94965,14.557431086875988,120154699548.69746,26348312724.247654,53763601035.49143,12149707447.208288,3009.9796594236923,560.8138457312928
NGC4183,18.0,4.5,0.8412,33.49568828647192,8875224713.15529,4908400000.0,3966824713.15529,0.5619999999999994,3.6931763239486366,1983412356.577645,1730858907.8985999,4.245350440802611,2188169738.6623354,1917763226.4183414,10.627175463268602,3438902343.3837867,2993828972.931379,679888986.5324522,598411885.3699957,78.8141271554862,67.04601857822134
GASS10019,131.9,6.595000000000001,0.5424,59.030824833701935,68896917615.0857,23775411134.464443,45121506480.62125,0.6859999999999982,3.498083186591954,22560753240.310623,4160098465.898654,6.26426490954673,32539524712.067482,7025806851.953726,14.715451953779235,43257016239.683495,11024828476.094206,7738811632.596631,1386126539.2634358,441.0320735958414,195.35695625627528
UGC05414,9.4,0.9400000000000001,0.4128,68.37309197752195,375494609.87149864,0.0,375494609.87149864,0.4120000000000008,2.729383971401354,187747304.93574932,74121425.60494621,2.345895416556028,156816473.28328726,61547761.866701946,2.502321749965715,169257192.61317098,67642285.88598987,50736826.46767923,20565310.23905921,5.896661653555415,7.433544183522331
NGC3769,18.0,4.5,0.6923,47.43326300654729,16337799607.840874,7740599999.999999,8597199607.840874,0.6280000000000001,2.234812220567101,4298599803.920437,3774257119.338225,2.419817721001305,4557864794.367679,3999942025.258993,7.289954192400006,8001075510.8122225,7008506662.310236,1451360565.5932262,1283467521.7618284,321.2318830780116,317.72074025236606
UGC06628,15.1,1.51,0.3426,73.50694527594037,912243745.787977,0.0,912243745.787977,0.43299999999999805,2.816958924978632,456121872.89398843,164558686.55778593,4.006986572754045,652903606.785017,243150050.13060197,4.110659729742499,670571853.2552087,253505255.10643166,127676150.32514724,48055120.60396743,14.433920227012745,10.060782735781334
LSBF571-V1,80.1,8.01,0.1055,0,544737197.4849808,0.0,544737197.4849808,0.41799999999999926,3.657998628726899,272368598.7424904,137160496.7786046,4.782538365396821,362109770.23458135,209356735.05588877,2.1601550349133354,126113937.54678473,61935345.57037683,37569704.38354202,15807404.7549658,5.917518837179162,3.3251795036614347
UGC3734,15.940133742012401,1.5940133742012401,0.0887,0,11037124001.30661,0.0,11037124001.30661,0.7680000000000007,1.3751545258151636,5518562000.653305,1916702387.237383,2.140791276301146,6713247645.337327,2349984625.860715,4.500566399999999,9156840379.131435,3221308511.517972,4365911065.609178,1527353363.3973773,389.38104338533105,189.0769555731854
GASS22999,194.9,9.745000000000001,0.4686,64.3727634092293,68127206904.1487,4854315906.335433,63272890997.81326,0.7860000000000014,3.367566790235762,31636445498.90663,6645869831.094499,7.607972399013772,46928453132.14341,9978361497.3656,12.862871641692001,61518665805.60335,15674980688.467268,12380213156.715412,2818078035.6835055,1763.9024938533503,635.2649395251966
GASS25214,133.2,6.66,0.1448,0,257157089679.47168,1932537970.4440413,255224551709.02765,0.8659999999999979,5.61421918904524,127612275854.51382,22689309013.655407,6.018974152952032,132439854060.17296,23328062039.77605,15.734396833242812,194948681668.4652,37074309723.579346,37256397374.210205,6641658508.181115,376.02080358104973,325.9278888066333
UGC09037,27.96,6.99,0.5672,57.199608989206496,28659005693.213673,26709200000.0,1949805693.2136736,0.47300000000000075,1.3210688313490393,974902846.6068368,874692288.5997659,2.1151591599995285,1295746361.203724,1158887177.1800287,4.409788324223041,1763123486.1095972,1554655449.8796575,712287580.2108175,655584393.4016191,130.4841285324717,54.71749455530645
GASS14017,169.6,8.48,0.4476,65.87748325979133,153979690298.16464,1977552562.4718575,152002137735.69278,0.8620000000000019,2.85778574500219,76001068867.84639,47902556772.33827,3.856943667693934,88476098061.92816,47911977451.530365,14.709661233394288,139451710483.98206,29542056968.917072,33388973373.79128,6473816290.743087,1388.1428573660698,745.9667297681978
UGC05829,8.64,0.8640000000000001,0.4374,66.6080761683953,117087217.37984246,0.0,117087217.37984246,0.2579999999999991,2.4441571054504942,58543608.68992122,27073428.628457412,2.8174554684490403,71222174.86438859,31935847.777565673,1.7802775447060637,34994672.73812217,13277208.836943507,10137413.935272885,3955822.2095914483,3.2736361264949454,3.173274380525317
GASS3261,160.6,8.03,0.1305,0,35572584617.73921,13065560211.157894,22507024406.581318,0.6630000000000003,2.348967418289869,11253512203.290659,2576910350.0171685,2.6620680697819217,13092053079.042559,3891216320.7213473,6.533583191249234,20393462151.634243,6554019406.116245,3564586055.0135255,684177120.6446317,439.3453770481329,298.94836863256376
DDO168,4.3,0.86,0.5063,61.65923809365971,36616506.86205342,0.0,36616506.86205342,0.26000000000000156,1.2900337553215,18308253.43102671,12976525.289965956,1.4059035839224612,20753665.33238399,15267531.382802704,1.5518630918223524,24443863.832275048,17260183.02410221,13340590.1629468,9472281.126845464,5.269901785426726,4.594959780555443
GASS7031,141.8,7.090000000000001,0.744,42.996835484503926,44891624885.42828,1845559433.9789667,43046065451.44932,0.8889999999999993,1.7101712721394018,21523032725.72466,5231014617.070574,2.8940878322126515,29608899038.570225,7621250213.719053,10.634088623969848,41946876814.60044,11859108294.388771,14364003067.43526,3509837121.5686035,2195.267152257778,927.2809794801962
GASS11349,109.6,5.48,0.4886,62.936099848538554,22575613038.799488,1607415070.0956376,20968197968.70385,0.6600000000000001,3.9226975733649394,10484098984.351925,3047067195.4453154,3.9741571831266596,10657982542.671757,3047067195.4453154,9.053357845923369,19191764820.62318,3987153633.631367,3214370506.6697135,630516515.9140426,250.91518474995345,242.33971191880377
DDO154,4.3,0.86,0.4804,63.52576331240456,502639024.6716212,493780000.00000006,8859024.67162116,0.18100000000000094,0.6688561170951441,4429512.33581058,3363618.053269227,0.7380021168230362,5076219.104423361,3898256.6677825004,0.5661955104060866,3427569.560435284,2593185.3973652525,6989102.002151949,5592036.014748258,3.783403388114092,2.9446822857323887
NGC4559,9.0,0.45,0.5997,54.75839708312519,12461683934.944729,8135399999.999999,4326283934.944731,0.47000000000000064,2.1726671697740243,2163141967.4723654,440983695.0027784,3.806691539334107,2839999417.900258,544027386.1613739,7.086578645854137,4193121030.2228146,897830127.6913843,886484381.0606203,167725747.59608904,126.51194924962027,92.1703014848995
UGC01230,53.7,5.370000000000001,0.3156,75.5714616281277,2151198921.0870533,0.0,2151198921.0870533,0.5080000000000009,4.241550443798079,1075599460.5435266,414013025.5304347,6.676436713619321,1529880792.2526286,614962695.257758,3.1905294210900013,866969254.2975197,350081687.4027623,181710794.1443512,70613601.98426175,13.86260220421578,6.83047644230557
DDO185,5.1,1.02,0.7022,46.607223276904286,250322077.13558745,173600000.0,76722077.13558745,0.41999999999999993,1.4135186876309744,38361038.56779373,28469844.18360289,1.6693418559076907,44848957.209397286,32118902.516900692,1.5415316904726322,41684189.97469068,30028724.62179689,26394816.801716596,19200365.714965157,9.052832913021534,7.84720504737565
UGC06667,7.85,1.9625,0.8541,32.061811824660026,551504877.9402268,135249063.0,416255814.9402268,0.6489999999999991,2.1492287798413314,208127907.47011337,181216459.44119543,2.2293714829570592,217838652.54704568,189558032.38668627,3.3268485401299985,330537484.1116554,287123001.6231349,111742389.32525136,97613228.48065808,58.322972194615055,54.1785432063918
GASS4094,118.2,5.91,0.5321,59.78472925359311,57075232129.48723,805615912.2720193,56269616217.21521,0.8910000000000018,1.5259817187297986,28134808108.607605,5452107568.220564,1.9450461992666686,31289710535.426044,5750170773.042157,8.405976974001849,54444247226.992355,15487813510.029371,21892818837.130592,4330807825.57774,1466.0768500765917,1019.2931587852817
GASS8096,147.8,7.390000000000001,0.387,70.23604224488676,34188171021.08787,6700821292.5169325,27487349728.57094,0.695999999999998,1.854708529898021,13743674864.28547,4043888266.853897,3.5877805499470816,18549075220.37302,4127826349.1381683,7.990637893007807,24416317253.550674,8194213137.29145,6875402192.07514,1682776291.0245492,759.2316474403577,381.4571797394072
ESO0840411,80.0,20.0,0.8581,31.60572402631042,466243697.23210627,0.0,466243697.23210627,0.277000000000001,8.006638453649288,233121848.61605316,230055037.0909799,8.328144642936222,248475804.51156607,245543149.7389988,7.973515487999997,231863402.72948396,230055037.0909799,24776959.791981563,23200087.42119807,4.7783308503625515,4.420360248738393
UGC03580,20.7,2.07,0.569,57.065718437865776,5016972158.274016,0.0,5016972158.274016,0.5690000000000008,1.828231088174431,2508486079.137008,895309023.3460945,2.2280899266124945,2865490532.6797495,1020102776.5934923,5.267378058359999,4422359656.165979,1569110393.5515127,1476725227.2852316,621434660.0863665,106.35787755623242,82.59561474096222
UGCA281,5.68,1.136,0.5266,60.18590204503836,91222162.23510647,86800000.0,4422162.235106475,-0.0779999999999994,-,-,-,0.4586981825531532,1684375.2137608838,1347995.8840398744,0.7269123239415173,3559553.878202414,2923769.173261994,-,-,1.619133371271102,2.0734333258272843
LSBF583-1,32.0,8.0,0.4627,64.79575511931607,1546096846.1410134,1368132109.3381355,177964736.80287793,0.3459999999999983,1.1719650868526819,88982368.40143897,78861864.59106971,1.8763504357344987,131613885.25135493,126447570.21288256,1.5517655918139521,115627443.35055374,117320690.18966846,74423913.33413526,66858204.03295451,14.144705075793782,6.0204376874797925
UGC191,17.6,4.4,0.3287,74.55989949201683,2711765256.080148,1880199999.9999998,831565256.0801485,0.49900000000000055,1.8374883312780947,415782628.0400742,379741939.3839169,2.3074661120632847,505359450.0178207,447779174.84976053,3.089210051540426,638170725.1383469,628830370.7139534,222525839.9409706,195144442.24415478,28.86384879630291,22.144647388405183
UGC12754,8.910633768826807,0.8910633768826808,0.1273,0,1625553204.871911,0.0,1625553204.871911,0.49599999999999866,2.0971836883440176,812776602.4359554,293503094.048464,2.173553618801367,927178635.520499,339584714.5123667,3.6560159999999993,1454123150.2944384,552314057.6886966,304810894.492676,119956789.70852198,43.50852594694444,38.662158126109055
UGC06923,5.16,1.032,0.5901,55.48500205427081,1225675719.7442074,1132600000.0,93075719.74420737,0.45300000000000296,0.5478298415424738,46537859.87210368,34794015.9112982,0.5435519345922467,46168534.25179892,34544170.50177141,1.226546851906588,71748875.546589,53409356.74053039,67462471.38155761,48352704.24672186,30.658279907476206,30.772929923090274
NGC0100,13.5,1.35,0.8677,30.48671406568103,1804552564.1728961,0.0,1804552564.1728961,0.6379999999999999,2.786892914100313,902276282.0864481,320089259.86381876,3.266462222301084,1034635249.7869604,369007477.0286887,6.245737558499999,1596424770.292518,573292318.3105133,209478069.7105639,74979832.84793177,138.97600948527415,115.77087764165702
NGC4085,18.0,4.5,0.7185,45.22427647371416,9897225953.319984,1888599999.9999998,8008625953.319985,0.697000000000001,1.385973094667891,4004312976.6599927,3508196059.375894,2.676149422083251,5696728609.298878,5012386878.454132,6.420966326706056,7858560703.3696995,6833540735.372436,2887499455.3918257,2565564230.0443487,982.5544100978648,427.5938317468627
NGC4157,18.0,4.5,0.822,35.53715257901148,48175855506.261826,11516400000.0,36659455506.261826,0.8289999999999988,1.461280112033897,18329727753.130913,16507650019.366007,4.16075020215773,35750299057.379105,31217784442.509327,4.545517607594244,36292844689.191086,31571600923.33675,11695819659.380524,10654636427.327593,3518.2734004574972,682.9037486764399
NGC100,11.2,2.8,0.868,30.451159985433137,4043091950.0563707,2786000000.0,1257091950.056371,0.6390000000000011,2.334637675159428,628545975.0281855,548066041.4649605,2.732286648475249,720033142.0745623,628615981.5133922,5.17252154619883,1099076928.529173,958066986.576505,215474702.9865711,192738458.49037826,137.85533877556932,113.77172041582078
NGC4395,3.5,0.875,0.6676,49.452975515498444,148424668.86878887,0.0,148424668.86878887,0.5299999999999994,1.3125051263251275,74212334.43439443,66152179.15977175,-,-,-,2.1561860242999997,120033671.09220171,116923219.45770188,56180472.56418625,49237458.16404397,21.943107834106495,-
GASS24496,180.3,9.015,0.5151,61.02187440083574,69521510800.13058,8243811174.978237,61277699625.15234,0.8590000000000018,2.963078496540959,30638849812.57617,9152169336.257717,4.285221468437485,47004425760.52652,10304822390.07238,-,-,-,14309600268.395327,3127454295.677173,2546.401388292752,861.0377002475121
UGC12732,13.2,3.3,0.4293,67.18856691098331,-,3933999999.9999995,-,-,-,-,-,-,-,-,-,-,-,-,-,-,-
UGC06787,-,-,-,-,-,-,-,-,-,-,-,-,-,-,-,-,-,-,-,-
ESO3020120,69.0,17.25,0.3295,74.49877699680057,1584255346.609671,0.0,1584255346.609671,0.36299999999999955,4.47233367979458,792127673.3048356,722969191.684382,6.483040984376674,1082569300.4468217,994572177.3402361,4.394658836228568,775015841.1473309,705935288.1601015,131095780.19700517,119390344.79457434,9.2769310358545,4.558451479667412
UGC4284,9.801697145709488,0.9801697145709488,0.4398,66.43614790170372,1236543955.8257213,0.0,1236543955.8257213,0.48300000000000054,1.9535794350138884,618271977.9128606,220046933.27321342,2.8522502187861893,847574577.7310804,316547422.6721186,4.131109270588235,1070915082.3965635,413271025.98350054,305300370.5119625,107612405.70294818,40.27926439430765,25.977957382859675
GASS10948,110.5,5.525,0.4801,63.547317884194115,21271423203.627804,474381818.59488285,20797041385.03292,0.9129999999999985,1.8453485415395356,10398520692.51646,2373414930.9301243,3.24439628501167,16016737033.2108,4122034709.5453267,6.3130372832511155,19462062086.220104,4748587524.141575,6774325620.3618555,1407176943.2174857,1245.8768570091388,595.3352580866807
UGC04499,12.5,1.25,0.2156,85.28613507036255,407303391.1885297,0.0,407303391.1885297,0.3619999999999983,1.9994589289267766,203651695.59426484,74097222.67868559,2.4061205405219606,240196648.6588989,88984480.2404225,2.692039920000001,266268956.4320205,104811697.51412356,97435709.92062287,34854825.15515438,11.959493494411861,9.165164073297097
LSBF568-3,77.0,19.25,0.2164,85.16183649814378,4461980503.596142,2218850469.445555,2243130034.150587,0.4369999999999994,4.339926574268446,1121565017.0752933,1016937535.7114706,5.759421493224876,1464381423.5410225,1304985030.7508183,5.601898972492305,1436044018.1157408,1290180020.5110233,133699499.76835726,130702322.8993722,17.486382662140876,10.39100556298456
UGC04325,9.6,0.96,0.3017,76.67111469044228,478608564.7360009,0.0,478608564.7360009,0.4220000000000006,1.478557746589087,239304282.36800048,86019056.68215835,2.1421632805608675,322969894.32457536,127664444.42134681,2.878507494015999,411666300.2600763,155553652.40967235,155727051.15444335,61223267.71099585,26.927761249157395,15.289763233922065
UGC4936,25.64282384584604,2.564282384584604,0.1156,0,8520904501.307792,0.0,8520904501.307792,0.6260000000000012,3.286448222032697,4260452250.653896,1487874972.289721,6.927725856772268,7833912120.420244,2892673170.678868,-,-,-,1384402658.7627437,499009493.7988689,73.23444334938726,26.877817828735022
GASS3189,164.5,8.225,0.5621,57.578205841139166,25686954417.71675,7693572234.006747,17993382183.710003,0.6890000000000001,5.298700624149086,8996691091.855001,2626231707.5172687,6.3394538938281695,10504477270.104622,3804948827.716768,11.202976270430867,15584528208.617416,4525464882.542526,1630185264.457143,327951308.80475825,112.87789198676683,96.01871261499547
UGC4173,16.8,4.2,0.6989,46.88368992908443,2964804871.799697,2828000000.0,136804871.79969695,0.32699999999999996,3.132908253534961,68402435.89984848,67740270.40742616,4.024253914055357,97216917.1422455,86662056.77951957,1.9970070436799983,43935930.91993308,38948303.97685848,12775675.841609439,11390613.544609856,4.350661378024336,2.977623401666528
UGC07323,8.0,0.8,0.3791,70.81060360184325,1268679650.8018343,0.0,1268679650.8018343,0.46799999999999997,2.1018903851426307,634339825.4009172,227154521.67776203,2.7546006930144915,805095925.7030879,284737649.86966866,4.40622234272,1148169882.615514,418284292.9779859,262712512.7046405,94730633.5314877,30.742146819252163,23.739002580948966
UGC07608,4.78,1.195,0.0373,0,772245762.3332169,749000000.0,23245762.333216894,0.2719999999999967,0.7555021463006635,11622881.166608447,10499108.68349954,1.0249633388255974,15657400.439265588,13864787.549533648,0.5448233072920005,7724697.34375585,7279125.468594909,15265242.330789628,13486654.72042913,4.100836909708266,2.8688692671644875
UGC06399,7.85,1.9625,0.7439,43.00573739025255,1109917534.2958899,905800000.0,204117534.29588988,0.5289999999999999,1.1439533655670329,102058767.14794494,89550255.54291585,1.2446645697635934,108957835.73738167,95167621.30303031,2.00682761236,152125234.97031453,132981116.99620776,90362786.80246523,79046174.4982527,34.5289540885398,30.804701125229915
PGC51017,3.63,0.363,0.7081,46.110048657679556,281946488.7802842,281400000.0,546488.7802842091,-0.007999999999999119,0.07703043083488355,273244.39014210453,177820.44055253637,0.06454204445856272,237457.24049012733,130681.45914532938,-,-,-,-,-,6.069195252444096,8.159290470397202
UGC10897,20.494457668301656,2.0494457668301655,0.0621,0,7283914858.515932,0.0,7283914858.515932,0.5479999999999983,2.2869792738683055,3641957429.2579665,1306063055.5027936,3.5036187963670398,5208270429.827485,1874255569.9911718,-,-,-,1507152026.3411658,541429822.6455249,157.86228661704672,84.48531755324511
DDO64,6.1,1.525,0.6444,51.30243917452027,232425180.96182168,212800000.0,19625180.96182166,0.2259999999999991,0.9968281905042803,9812590.48091083,9111730.369250854,1.0880535564997198,10173574.31384917,9415760.95302229,1.290340030902807,12319732.139723355,11374256.036617719,9853594.801148519,9170496.476160988,5.476267473883541,5.625206426223792
NGC4013,18.0,4.5,0.673,49.01614757344018,53107104145.20607,4153799999.9999995,48953304145.20607,0.9529999999999994,3.020913121045181,24476652072.603035,22163888849.839985,4.9464954897032545,35336268865.331085,31249178165.75147,9.092287556756936,48920366551.04735,42502714957.15271,7985037046.588323,9100198748.371271,1170.8109902766794,744.5690848918347
NGC3917,18.0,4.5,0.7674,40.87341382718674,14965733576.797998,2643200000.0,12322533576.797998,0.6950000000000003,4.623718659033707,6161266788.398999,5371724565.06847,5.5132224716043305,7589950046.8659315,6614946408.834087,11.592920849399995,11599472566.396631,10068898608.291027,1341871383.9529548,1176737366.1392949,224.07231162640753,163.05074251903955
GASS20041,132.3,6.615000000000001,0.5525,58.28794574944928,15768478555.38462,1932537970.4440413,13835940584.94058,0.7410000000000014,2.0126809425861136,6917970292.47029,1370808194.3852918,3.038092483763055,8239588444.913946,1685853252.0717988,8.062557311960736,12871793964.805256,3207566715.2435236,4331862359.192701,891792479.5043125,455.63440796972594,245.81212511043194
GASS24168,111.4,5.57,0.7146,45.557883680925556,54283524561.65398,3682375188.653534,50601149373.00044,0.9100000000000001,3.7255849627558266,25300574686.50022,5956331488.182468,4.286756030954155,28185764856.3471,6611066651.543736,11.174072187248663,49213721287.160286,17950428537.22488,9198678994.16575,2397066162.0631003,963.6790203524519,838.4076032908888
IC2574,4.0,0.8,0.7713,40.51116979216276,1884390406.7241085,1862000000.0,22390406.72410852,-0.002000000000000668,-,-,-,-,-,-,-,-,-,249864.39981753883,178849.41059259154,-,-
NGC3726,18.0,1.8,0.3604,72.18190943355634,25558361597.455536,0.0,25558361597.455536,0.5719999999999992,5.39802814175353,12779180798.72777,4564319416.518914,7.1033289708026,17395904213.35151,6180070519.996504,13.333358497342932,25194684886.27497,9191145959.692635,1524884493.4189553,561219760.0167515,174.1724921293179,102.87669185669468
UGC06983,15.68,3.92,0.645,51.2551343071332,5272967568.804008,4153799999.9999995,1119167568.8040082,0.4070000000000018,3.070216917560247,559583784.4020041,490554473.49975175,4.9789877540089575,827978930.5223744,726336906.746637,5.415922949768712,868736002.2795379,763820486.2638887,116041119.8058088,110513371.48728709,23.717048082435515,12.899471287532172
GASS23450,203.9,10.195,0.2483,81.3624372574593,117072786901.76607,1276815175.098276,115795971726.66779,0.8709999999999987,2.485667735665766,57897985863.33389,10541799147.246935,2.7555074958769787,60958507118.683266,11016403547.576027,10.432287328195995,106582808147.30473,24144799921.95473,30876333108.601063,5691444935.453182,838.9682784687121,682.9835799955184
NGC5204,3.2,0.6400000000000001,0.3721,71.32188173365098,391219428.79416245,279336724.0956436,111882704.69851886,0.3470000000000013,0.5306071637595571,55941352.34925943,39257495.95225608,0.6325753401298547,66266656.497960225,47294526.22598809,1.3831894666358298,106562334.35850964,75940486.43324299,90825455.9947649,64562100.9121889,44.08661737193566,31.727082183881006
UGC10546,20.395450626425806,2.039545062642581,0.3849,70.3885422412483,1904344914.6496563,0.0,1904344914.6496563,0.45099999999999874,2.393031658019218,952172457.3248283,347269132.17400855,3.106323486447435,1360745114.3299932,524200362.8815282,5.185443771428572,1836015151.2996228,769651640.5030077,397056674.0862124,143404633.39536342,49.94987282025218,27.710121721215568
UGC06446,10.22,2.555,0.1202,0,2087829774.5154777,1930599999.9999998,157229774.51547796,0.27699999999999925,0.9187768647947434,78614887.25773898,68899664.83305836,1.690728581432605,115004592.9216258,122971952.2641378,1.7947064604456842,119224394.09198631,107058521.25192963,84228363.73941149,74030368.72300848,17.119696477318602,6.964292595041792
GASS29555,135.3,6.765000000000001,0.278,78.6341916448464,45407892249.596725,2432921160.2491264,42974971089.3476,0.7800000000000011,2.499737634898903,21487485544.6738,3889060436.6950474,3.1922574042494136,24318020222.072144,4380908481.227428,8.486647167814581,34737140734.69383,7683592320.887786,10494883432.186516,1932530055.647517,393.92194602591,258.5579528931187
GASS12460,211.6,10.58,0.6167,53.45898626776705,129054816571.16168,2168343266.4774714,126886473304.6842,0.895999999999999,1.5798805732754382,63443236652.3421,12867258337.539906,6.643186200500193,101933802718.23363,19541761466.5054,17.896809692471123,118905782278.77403,28549051900.211056,47113405838.54813,10330960284.867325,6330.543866287116,571.5616104140798
LSBF568-V1,80.0,20.0,0.2566,80.556537258349,2925011594.934686,1932537970.4440413,992473624.4906449,0.3910000000000018,2.744259732397279,496236812.2453224,451468045.9148088,3.5894477468351544,597936669.4593631,555396753.7459711,3.423340913142856,576696873.63963,523370306.6088145,188041121.2457448,168627797.12269378,11.932797611695984,8.338681433640327
NGC3953,18.0,4.5,0.4977,62.28040689051127,96539648545.48503,3964799999.9999995,92574848545.48503,0.8119999999999994,3.122723688732006,46287424272.742516,40336548968.53837,5.577798455856853,63088798919.694725,54975434748.088745,14.231540712336338,90604757935.4157,79171822846.91216,26901433192.30038,23889860181.726223,1025.9099291157058,432.4631500099796
UGC6614,85.0,21.25,0.2121,85.86707338933547,70934065496.26012,28.14,70934065468.12012,0.7729999999999997,2.27945069929118,35467032734.06006,31585999340.243874,3.7209103061710573,46725162894.391335,40735685692.52999,12.561535205674899,65300676987.763405,57619488631.33139,15621756966.644417,15001238866.490978,641.793543384002,229.43199561341532
UGC04483,3.34,0.334,0.5893,55.545332868397445,876467.7357674491,0.0,876467.7357674491,0.16699999999999804,0.1436124532488937,438233.86788372457,267636.83823971945,0.11152690059679261,329675.202067471,187909.59936732842,0.17250716389866666,514659.98700002575,314966.13829712104,-,-,3.3084408263130642,4.763253321943808
NGC5005,16.9,1.69,0.5386,59.30937821258425,110972331656.85634,1792000000.0,109180331656.85634,0.7990000000000013,3.107928650920581,54590165828.42817,20203271949.373665,4.431556299988817,69781723833.74875,24840974734.84847,11.976008034746163,108282972890.84583,37842601330.56238,16823345476.38383,7727328057.417256,1665.7087953098462,1078.5659575456484
UGC5414,9.999711229461196,0.9999711229461197,0.4041,68.99943573816998,121651065.56371936,0.0,121651065.56371936,0.32899999999999885,1.3202992647386347,60825532.78185968,33012751.307293214,-,-,-,2.1184048941176474,106771150.05301897,60639937.381830186,39398798.490109876,22567985.73743502,11.544587862173902,-
AM0605-341,7.128507015061445,0.7128507015061446,0.4255,67.46107326725725,75617647.58886392,0.0,75617647.58886392,0.39400000000000013,0.5845916986518382,37808823.79443196,14755546.619428921,0.49056278887021554,28076201.943259668,12602396.41897935,0.8605578239999997,58400718.814732075,20882336.75454021,65006493.45959406,24692294.88781603,21.993947778656416,31.997604241438463
DDO126,4.9,0.3430000000000001,0.4274,67.32480286381661,24280977.138764292,0.0,24280977.138764292,0.30599999999999916,1.1214936688671011,12140488.569382146,3907511.742388913,1.223769205213839,13697054.206028916,9372551.205801379,0.8327589843533336,7725816.040073462,2293763.839467457,10343897.283090202,3226633.727276285,3.0602222141565067,2.6425203258910392
GASS3439,165.3,8.265,0.5211,60.586174379778846,30341315679.84772,4967387449.270064,25373928230.577656,0.6980000000000004,1.2233307263127289,12686964115.288828,2367190239.611631,3.1792276221358455,20749095183.62039,4019328193.696607,10.352938013511634,25267196830.500824,5484224127.842372,10622280698.336086,2030988233.8921227,1278.7253604048765,268.2329371941059
Haro36,9.3,1.8600000000000003,0.4657,64.58070853752146,154459241.2445557,0.0,154459241.2445557,0.3119999999999994,1.1950759994357674,77229620.62227786,56034036.20018805,1.0473196956820578,63099960.406857274,45591564.07795001,1.848205021916,122358389.44235197,88613191.1085321,58761966.86353244,42509207.89470545,14.058278099617892,16.5823165687758
UGC04305,-,-,-,-,-,-,-,-,-,-,-,-,-,-,-,-,-,-,-,-
GASS18335,184.6,9.23,0.4976,62.287620730920636,141044696110.79123,5322651548.487858,135722044562.30336,0.9029999999999987,3.6498445401129116,67861022281.15168,12723396157.610464,3.50925181704319,65729729421.861115,12399928973.884443,14.130730300341265,128109972611.82593,27830291315.94639,12293673761.907688,2983425958.212676,668.5972838421569,707.9910448908943
UGC12506,49.99,12.4975,0.8514,32.36648928306469,65135997228.47126,49778400000.0,15357597228.471262,0.833000000000002,1.4302368265782806,7678798614.235632,8048846622.230344,5.436743668325757,13871902612.221634,12402859105.703316,11.162023539555168,14663462970.260006,12988192380.451378,5274090322.367918,5441655813.022835,1922.7893330486895,281.45714790212065
UGC11820,13.3,3.325,0.3281,74.60578689812328,2863411092.7745743,2767800000.0,95611092.77457424,0.34499999999999886,0.9221968438120481,47805546.38728712,42261896.77267937,1.6183780286053715,74784646.02724083,66201529.78246722,0.9560859696733327,50100741.18717587,44157483.73568075,52766060.29472593,46845075.74278373,9.720291370302844,4.203138371578171
GASS10841,115.6,5.78,0.4108,68.51694624879188,36406784619.188545,2793367240.9564357,33613417378.232113,0.7929999999999993,0.4483104815147453,16806708689.116055,3365245895.98386,2.1108564440369544,25465835664.442047,4516247803.5116,7.455558613982437,32809033130.72593,6653579108.537866,21347033370.1647,3839530447.5942297,16004.218975189873,844.836922312513
GASS29892,156.7,7.835,0.4164,68.11432907506519,173141104558.21194,11120595286.13995,162020509272.072,0.8079999999999998,3.8965828556635653,81010254636.036,17479812934.649277,5.501425992941922,96705588444.27866,18869968868.12399,16.501200823758232,143377146576.9038,30027107918.180172,19926693807.841373,4564447609.8359585,935.1110918886736,592.3303738733455
NGC5907,17.3,1.7300000000000002,0.8918,27.500688477399684,104966342901.34454,29435000000.0,75531342901.34454,0.8150000000000013,3.0619013331145606,37765671450.67227,15367573768.42333,10.87433159755479,70186497917.53824,24561482235.645493,19.29065957111286,75096069408.04865,26351187533.84951,13083129060.426672,6870676638.597097,4499.266839658696,670.3143156866925
LSBD500-2,17.722260495777764,1.7722260495777764,0.2543,80.77564434059576,88812732.40663108,0.0,88812732.40663108,0.35299999999999976,1.0604463479288473,44406366.20331553,18027429.643723253,1.503498000269746,65627032.10530361,32777803.06891041,1.2748073142857157,54714253.660309166,22442953.93430169,40468057.72184709,16770221.551013405,9.612314341174464,5.417298356181024
GASS11120,116.1,5.805,0.6147,53.61274909709195,51106170466.32441,1465979967.2712579,49640190499.053154,0.8610000000000024,2.0916638611055447,24820095249.526577,4878084061.682813,3.091511402718216,32468710233.49891,6217393185.518656,9.119109327066573,47436272481.45778,8794169519.216347,16439590511.075165,3212111245.7164893,2152.286612834689,1000.655061218599
DDO189,12.6,3.15,0.4051,68.92736133748822,1395304421.0107968,1289400000.0,105904421.01079676,0.33699999999999974,-,-,-,6.899473385106396,90038405.8972467,79324115.03392419,8.8527819580046,78587706.04252295,68720375.00873077,78043673.01721153,68231762.77687086,3.722886851010945,-
NGC2998,68.1,17.025,0.4494,65.74856698327743,85665124083.96535,32831399999.999996,52833724083.965355,0.5730000000000004,4.31535223120887,26416862041.982677,23216233715.45327,9.26280672770786,40739947151.17158,36205870227.91247,16.448288103919996,50524875877.71065,45488439779.760414,7068287750.259889,6352370784.177577,399.5478111972731,157.60190744964726
UGC08699,25.7,6.425,0.7124,45.745301626999506,17225686732.280483,5233200000.0,11992486732.280483,0.7670000000000012,0.5301733631020367,5996243366.140242,5580974252.152399,0.9286151440010527,8541588400.212757,7740774650.855224,4.306662541118505,11914683718.149944,15636143110.193419,8800969586.024088,7932308143.247203,3126.012753888048,1345.1304091447857
GASS4040,115.2,5.760000000000001,0.4246,67.52563546297178,38186096180.2606,701662127.0781801,37484434053.18242,0.8739999999999988,1.0853631674096527,18742217026.59121,3503486706.938235,1.6808705543098517,21675642180.80543,4034270719.446151,6.532386634926183,33231038999.179268,7389700731.432517,18249967767.28099,3329056652.5801244,2107.222156801365,1149.5134382883948
NGC5371,39.7,3.9700000000000006,0.4563,65.25433651746884,156009949040.3521,15651999999.999998,140357949040.3521,0.6640000000000015,5.965401610179562,70178974520.17606,25111673244.15552,10.858764674702485,105468023016.46327,37786069689.06671,-,-,-,34726697236.33767,12126088800.410538,388.59297288182046,210.40109539971064
GASS4130,191.9,9.595,0.3437,73.42437022767757,103878671176.2261,1500127027.3326466,102378544148.89346,0.8709999999999987,3.118436044890385,51189272074.44673,9178181906.116848,4.1672043210740775,59062293672.346306,11189495194.538527,12.751221836005708,90856926800.17995,19060113473.54899,27181591553.51829,5460521866.228673,826.0694285257647,471.91214629492123
UGC3809,32.870337902783334,3.2870337902783335,0.4981,62.25154954413268,109776994701.44633,0.0,109776994701.44633,0.7070000000000007,5.296854168735109,54888497350.723175,19709188125.97551,10.828930432285537,90744438498.16658,32095577914.322365,23.327672215737184,108900948032.17166,39827620053.28681,13375862449.69866,4697836085.366277,355.46643744826997,150.98315439895734
UGC6537,14.25701403012289,1.4257014030122892,0.401,69.22301582576742,16052961124.858395,0.0,16052961124.858395,0.5620000000000012,4.3312758383076675,8026480562.429197,2860143754.2602825,5.740192368923193,10491034682.261557,3839062780.429716,10.976526469565215,15084237050.819181,5605321385.749917,1306677071.1258986,478638481.2311406,147.256143693075,96.56192392544499
GASS42141,154.2,7.71,0.2992,76.87236133892354,98379885677.55414,7693572234.006747,90686313443.5474,0.7370000000000001,6.453750528600414,45343156721.7737,10850374579.619936,9.206048558082266,59164952145.46282,13624915353.455023,17.597158933535233,84654774623.64697,19380725382.263397,9760020625.109184,2055968830.121952,227.2628374803885,150.3793400456963
UGC3574,21.78154921268775,2.178154921268775,0.1905,0,4137152515.841339,0.0,4137152515.841339,0.5560000000000009,2.289318646233977,2068576257.9206693,747314876.5153285,4.9271288496040615,3439277277.1615252,1312920004.587611,6.197289922436235,3764040988.114097,1416999458.8514063,877333278.0713744,311906124.6854402,89.42890528874305,25.405024002022778
NGC3949,18.0,4.5,0.3476,73.13239519216289,13522669759.82402,4719400000.0,8803269759.82402,0.43099999999999916,2.1321436241874934,4401634879.91201,3865558986.888023,2.667798619360867,5144125264.569879,4493731331.243501,6.480983521365518,8209871622.275989,7165514980.856004,2638652010.575452,2297208821.5512457,302.82202332973264,234.2495047015096
UGC08490,4.65,0.4650000000000001,0.4884,62.95049429869547,256412920.81403515,0.0,256412920.81403515,0.3459999999999983,0.8411314012874356,128206460.40701759,46212739.0811186,1.1109252934388958,162613780.76793134,61776188.11403007,2.2718121452708617,241648196.63747925,92120806.28608647,144373250.5422625,52891545.87929831,43.69368951922759,29.03037634192205
UGC7971,8.41559855944754,0.841559855944754,0.1032,0,118224645.7084992,0.0,118224645.7084992,0.32200000000000095,1.3225213311834827,59112322.854249604,22975099.315949704,1.4505437095826013,64395898.53416803,28519569.421246737,1.390531999999998,61057464.45188268,24514711.596887037,40160427.07894426,18220305.15732165,6.95238851462819,5.527580802010673
UGC4543,30.296154814011146,3.0296154814011147,0.313,75.7748840868153,944073968.503241,0.0,944073968.503241,0.3390000000000022,2.668977459374537,472036984.2516205,182013934.7441239,4.189941373502544,720299691.5648711,277583620.36027884,4.5415296,740723328.6952853,283792249.67646194,166629238.09123117,80345927.28016476,15.897998043237598,7.293283179818253
UGC5316,17.623253453901906,1.7623253453901908,0.6578,50.23944518437446,2481419406.4825644,0.0,2481419406.4825644,0.4320000000000004,4.010224678626544,1240709703.2412822,442631162.76053435,5.775678053318426,1654237430.0938601,637915380.2001234,8.946034036363631,2195621302.579898,855011998.6052338,205913954.75400344,77115351.9616593,37.48460069616219,20.589248295796903
GASS12069,166.2,8.31,0.1588,0,152820958563.86328,14000000000.0,138820958563.86328,0.7170000000000005,3.757826773166572,69410479281.93164,12451276085.592714,7.074038694627598,97368202052.08394,18505088250.56818,17.094526432895986,131366144945.39479,39352138125.57022,19003673649.098415,3702937949.0294137,779.0600937524746,275.6806410358961
GASS9891,110.5,5.525,0.6623,49.87929651918603,138260001125.54886,12.627999999999998,138260001112.92087,0.8680000000000003,3.2974156980251323,69130000556.46043,13793179147.610613,3.983202431926667,76445546890.07779,15583325857.01752,14.937867771612506,134609508149.605,27250792938.43924,28231914464.240826,5470014914.409566,1425.383457053634,1210.5463214698434
GASS30811,209.4,10.47,0.5388,59.29472984414459,316812620861.5246,4743818185.948829,312068802675.57574,0.8930000000000007,4.960568480315807,156034401337.78787,38378917724.84426,6.700345599578756,184911636912.5846,49758291626.32212,21.008857997094147,279949247420.1188,54186795503.59775,47668699007.831024,9210361924.055239,1407.178600325126,858.4902358189032
UGC00634,18.01,4.5025,0.4974,62.3020478187974,5379429957.939744,5128200000.0,251229957.93974409,0.43599999999999994,1.5382189220032214,125614978.96987206,115353276.67291261,2.0783420140789093,180269266.43051833,161538075.5028163,2.3364477693116843,197653613.8154345,176515791.51349387,70244430.20522195,62362748.44752475,17.303874027034652,10.98453078900537
GASS10218,198.7,9.935,0.1781,0,87744385307.77866,24895911740.544918,62848473567.23374,0.6309999999999985,3.644173705080189,31424236783.61687,6100997506.528532,5.318440864608308,40107346641.0683,7916430361.537154,13.814086494120014,57754492963.50175,14868796179.997602,8236874199.862784,1527023024.9291036,346.8927526950422,185.70006270052264
UGC06973,7.85,1.9625,0.4441,66.12815456325984,10909135784.973251,2454200000.0,8454935784.973251,0.9990000000000023,0.7068432033011307,4227467892.4866257,3752738245.4763656,0.8869412498162317,5367321640.595265,4699020755.389912,2.4989147137037158,8541427683.571451,7425627877.498292,6118612031.650713,5371259080.886898,3828.2955718957082,2274.041174316309
UGC9649,7.722549266316566,0.7722549266316566,0.4412,66.33586589196706,787253092.226004,0.0,787253092.226004,0.5169999999999977,1.0506602603231106,393626546.113002,144451071.56321388,1.3051977225521334,532274191.63150656,191092321.26385668,2.691525942857143,730346427.2081232,262692469.42202246,372747195.3002462,136834375.24097973,88.50146273161822,55.2274203985032
ESO1200211,15.0,3.75,0.7346,43.827666168468006,118307293.20968534,0.0,118307293.20968534,0.4010000000000016,3.006148195241304,59153646.60484267,56141725.3413109,3.5259881865729787,70446546.32180808,66360626.67175727,0.0102602011422907,10699390.432260685,9352392.165198876,15079694.340316704,16868066.164515812,5.913706772562687,4.75357026929487
GASS11087,161.0,8.05,0.4981,62.25154954413268,83670176111.28404,1888548035.6283183,81781628075.65573,0.8759999999999994,1.6960478030909523,40890814037.827866,7746139520.680786,4.817228706868221,65320234018.56551,13372627706.860455,12.893579848600004,75594332023.81697,14545074416.632803,25933490171.31341,4836115974.519502,4800.3033907655245,833.6711630435371
GASS12002,157.2,7.859999999999999,0.5478,58.634109510729814,54889279394.62542,670082129.2516932,54219197265.373726,0.9120000000000026,1.3338630940067082,27109598632.686863,5067037029.9368515,1.7177322275136357,30725056734.61535,6148219375.040257,7.572837499813685,52252736700.68277,12727725868.517433,22718603838.974594,4554281326.972431,2325.9672031537943,1629.1972412405573
GASS4038,178.6,8.93,0.7983,37.9286025073353,89912795404.52773,12193490259.385115,77719305145.14261,0.854000000000001,3.972458434941506,38859652572.571304,8615035253.888556,8.607406018663246,63791453349.25743,12353353395.322906,17.546981593956794,77180986384.20755,19619505169.344135,14300965256.828535,3291543494.0553255,1382.1545121251822,564.4930466830745
UGC07524,10.69,0.5345,0.4855,63.15914126184404,4535040192.851124,2490600000.0,2044440192.8511243,0.7109999999999985,1.8832308952842132,1022220096.4255623,300540027.7398751,-,-,-,3.4265585521675486,1767444671.0499225,561693651.3775012,349218376.9052261,104407798.35174012,56.78982302616662,-
GASS20292,128.1,6.405,0.1653,0,71941078916.75903,2218850469.445555,69722228447.31348,0.8370000000000015,2.818742997467887,34861114223.65674,6812915500.56199,3.3647737220942333,41469295486.249794,8053889233.470498,8.300350486844703,66806919397.687355,14578100341.218132,16594110907.729836,3318791634.946371,1068.0435785932486,640.5243991063586
UGC08837,4.2,0.8400000000000001,0.695,47.20897104560509,504113528.78001916,448000000.0,56113528.780019164,0.4610000000000003,1.074307621770718,28056764.390009586,22097107.405359365,1.0717654717938403,27972358.838365957,22341025.42647856,0.9444445571399993,24647557.127700485,18142726.221931197,26109337.41572563,20104515.006975234,7.609983154622662,7.586426100781976
UGC10502,61.18635187927741,6.118635187927741,0.2498,81.21351893858126,54653014324.263855,0.0,54653014324.263855,0.6449999999999996,7.179100336946987,27326507162.131927,9819136376.19828,10.047213372894857,37411496289.99202,13221525663.336311,17.329236168543332,51499221304.626755,18861068163.0933,3588729534.004477,1266755620.2284412,101.38253190631794,75.38887833707298
NGC5055,-,-,-,-,-,-,-,-,-,-,-,-,-,-,-,-,-,-,-,-
UGC1551,20.2,5.05,0.1608,0,6027224350.853392,3626000000.0,2401224350.8533916,0.5700000000000003,3.191219970059531,1200612175.4266958,1053436401.8592389,3.521206995306284,1339830620.6139414,1192671657.7729764,4.520157625305883,1697250312.1285691,1498843473.973654,370337841.5680615,325159836.42951095,31.84845901136484,24.96824194275625
GASS38758,124.6,6.23,0.579,56.31921879751832,98541347732.16895,2925014583.1956573,95616333148.97328,0.8239999999999981,1.2262309966800633,47808166574.48664,9540944914.239319,2.5515288341912776,69876575937.45518,13159507456.097595,11.782088514186663,92874131554.3035,20858206416.735123,40585287659.741165,8851302581.971336,5684.925872179521,1829.1298368114776
NGC7137,22.5,5.625,0.112,0,9015961244.797007,0.0,9015961244.797007,0.6429999999999989,2.2400228131103006,4507980622.398503,4022839080.7354503,2.1652573615631763,4329088309.185517,3805133694.0943303,4.571272931210529,7904073455.862509,6890863236.617369,1886749368.8157537,1644932824.290849,221.6758802920138,234.53067235193825
GASS11956,169.2,8.459999999999999,0.6833,48.17573931911349,15380945861.509905,2118985747.8106897,13261960113.699215,0.6829999999999963,3.0852043619677003,6630980056.849607,1482654324.2390559,3.9201058349345765,8435191767.382389,1817036905.130808,8.390455957990246,12826706407.616188,4331806148.905243,2177055027.080273,423407023.24095494,438.13822946396044,311.21038202626573
M81dwB,5.3,0.53,0.4263,67.40369182691398,78262806.9141506,27179883.999999996,51082922.914150596,0.5559999999999992,0.7130735891404779,25541461.457075298,9919241.550350722,0.5953915616620342,19949128.183971025,7336295.558418211,0.6706432062000007,23510418.76123793,8511653.453381967,36899956.748472385,13766157.383714573,9.35249777312844,11.97965795582802
UGC05253,22.9,2.29,0.2209,84.5069300864426,2065289631.2639601,0.0,2065289631.2639601,1.1900000000000013,-,-,-,-,-,-,-,-,-,-,-,-,-
UGC07399,6.13,1.5325,0.2674,79.5632403445361,1236946054.494472,1042999999.9999999,193946054.49447227,0.4400000000000013,0.7730091450395565,96973027.24723613,91679326.30402368,0.867339730768707,109752220.66545263,97592168.02874137,1.4708763780711585,155335524.8912604,136972858.07577604,122411847.49394394,107564278.45103467,43.21431108632002,36.0700708740449
UGC05986,9.41,2.3525,0.728,44.404080918056884,5074319842.563351,3733800000.0,1340519842.5633507,0.4859999999999989,2.088576654500376,670259921.2816752,657491651.3941479,2.4155719681519403,740806068.5434449,726642212.9901848,4.962743339166801,1163542567.5511806,1067333088.4968865,310512557.30389416,278590864.06029224,46.95306708649064,37.70270328447036
GASS11808,205.1,10.255,0.4331,66.91618425461756,128399407901.20096,2729782439.6612577,125669625461.5397,0.8310000000000013,4.685649997107631,62834812730.76985,12149145670.357754,5.185246866500316,67039449655.03214,12885272294.691614,15.7040631312462,111280154502.97948,23338354442.756115,21202163979.047867,4434186372.55083,500.35007816569924,397.5305799328652
CVnIdwA,3.6,0.7200000000000001,0.5682,57.12524290244882,266625.0816995958,0.0,266625.0816995958,0.6239999999999988,0.0001418343578203909,133312.54084979795,481618.83715796284,0.008398715511771794,805279.9351738351,940993.7982985968,-,-,-,-,-,4697.516843620358,1842.5132409869584
GASS39567,133.6,6.68,0.3864,70.27959746199785,48588850461.84702,1336989620.4300115,47251860841.417015,0.8140000000000001,2.311243891225778,23625930420.708508,6071137350.179344,2.8150499225270504,26608105185.84267,7256325913.677257,8.720152199323781,42308969419.84936,10751796882.051714,11512977005.425528,2309327295.0947924,862.4427922591514,569.2549767295163
UGC10310,15.6,3.9,0.3757,71.05866330394592,-,1674400000.0,-,-,-,-,-,-,-,-,-,-,-,-,-,-,-
UGC07232,0.82,0.164,0.3775,70.9272751441466,67381849.39578708,64399999.99999999,2981849.395787086,0.40199999999999925,0.16180291875569383,1490924.6978935432,1165708.0709637715,0.13219801078732485,1103132.074197574,834320.681815713,0.2200493844468966,2229291.5197749026,1614975.3652679897,-,-,11.057370518221559,13.857313334088214
UGC05918,4.46,0.892,0.9491,18.75184242593477,417255082.8345614,415800000.0,1455082.8345614064,1.0420000000000016,0.0044812785700612,727541.4172807032,791877.7940610842,0.014029238993574696,1523520.5851600748,1116843.685940203,-,-,-,-,-,3705.6933327883944,1321.4966628078864
LSBD512-2,13.959992904495332,1.3959992904495333,0.4787,63.64789010091224,68674640.57144406,0.0,68674640.57144406,0.39400000000000013,1.4644172594713614,34337320.28572203,14982500.99826783,1.37358570488042,32113819.34297446,14633886.369479079,1.1329233882352934,25761958.00122267,12533287.308825543,21544205.151449405,11453666.718692927,4.8406647832293155,5.372513669527219
UGC5982,20.79147879392922,2.079147879392922,0.3546,72.6112157881275,2517745098999.0957,0.0,2517745098999.0957,2.0290000000000017,-,-,-,31.42742399999999,417756672484.88104,162487350668.67435,31.42742399999999,2222124981613.389,2058338438714.4905,10179066849.683493,3960495553.885893,3640.070298379954,-
UGC07690,4.13,0.20650000000000002,0.1904,0,634336075.9737698,546000000.0,88336075.97376978,0.4220000000000006,0.5540199938283051,44168037.98688489,22028734.633441776,0.572036069278972,46064932.17049234,19206712.074865256,1.032633942626,75082528.99203609,20892522.136546686,73654619.34442154,19790670.046164725,35.32758343990221,33.05562327358335
GASS51899,165.7,8.285,0.4585,65.09672295388332,24789182200.805477,10142103441.049847,14647078759.75563,0.7139999999999986,1.4717517559566553,7323539379.877815,1448271283.6276832,2.7379112378073707,11274298385.90716,2045224986.541257,6.93036787409489,14771811396.28008,5760888909.304221,5569136087.096949,1032542918.2540034,833.373630750185,379.0824000975179
NGC2366,3.4,0.17,0.6445,51.29455687818535,1518086640.204249,1515360000.0,2726640.2042489555,0.23000000000000043,0.5396566190081004,1363320.1021244777,291656.0815729792,-,-,-,-,-,-,1748797.8764524236,369871.8905995778,-,-
UGC7323,8.11857743381998,0.811857743381998,0.3386,73.80809234001552,1288056384.2791905,0.0,1288056384.2791905,0.47499999999999964,2.195578089756042,644028192.1395953,238760581.92033643,2.9562548381865357,868170194.8549355,309850825.6122399,4.596854399999999,1253575194.8117297,448413899.76372355,224777142.03619286,78619711.65766478,33.277647513283284,24.574347376997515
NGC4051,18.0,4.5,0.1124,0,3890231347.0125937,3775799999.9999995,114431347.01259422,0.0,0.1658417851954088,57215673.50629711,61970773.09412412,0.1665165942672581,57712509.85313944,61970773.09412412,-,-,-,-,-,618.8708114190321,618.8708114190321
NGC5949,14.3,3.575,0.5139,61.10890033286182,5798154483.471672,320721471.38748777,5477433012.084185,0.6450000000000014,1.9950112067249712,2738716506.0420923,2396178882.3015966,2.0181987969661033,2837936557.7895803,2512954726.9595456,4.433362498404944,5168275614.662548,4609774692.6633625,1388151446.4537435,1229219167.431273,276.8398280880399,269.7266993806228
IC4202,100.4,10.040000000000001,0.8571,31.72028463730254,96185238371.80571,0.0,96185238371.80571,0.8289999999999988,3.926858310547344,48092619185.902855,19209164968.491493,9.331627948748832,75591349667.51309,27979968094.496384,24.097029394303352,93260183658.25458,34654661640.831276,13005743942.624136,5337046865.735062,1557.4121168065055,731.9713190579579
NGC3893,18.0,1.8,0.4204,67.82705002688405,19895552783.475777,0.0,19895552783.475777,0.559000000000001,2.4758103343138247,9947776391.737888,3735877014.8843017,3.1760723086021727,11717328029.882887,4921344118.311366,8.609473106322408,18577298638.529133,8490939751.00307,4647493297.407526,1652798395.7611854,297.39438506552875,163.052071907783
NGC2683,9.81,1.9620000000000002,0.7685,40.7714980883691,41623131602.28864,1968399999.9999998,39654731602.28864,0.8330000000000002,1.6875782957605743,19827365801.14432,14297122973.300463,3.088004069218537,26768576433.497135,18792748029.67519,-,-,-,15296211925.959497,11017267081.77152,3134.895669527783,1172.0432648502879
UGC07125,18.68,3.736,0.7006,46.741410042890394,6996854373.428009,6480600000.0,516254373.42800933,0.39000000000000057,3.1119716087930143,258127186.71400467,247633224.9303229,3.005622420952032,250352966.1529673,239794943.14327574,2.820818991342,238355110.58847538,217933550.649308,60981650.61867535,49387281.897338405,4.7698837667996505,5.039459911762768
UGC08550,5.36,0.536,0.7815,39.55143212174761,504784998.7020565,403200000.0,101584998.70205656,0.5,0.936543565013429,50792499.351028286,19528456.84367953,0.9216970767269499,49897517.4186379,19271905.231361657,1.649427844144,82625852.65907861,30425694.17626646,54398332.72674415,22121302.631219547,36.52283938482643,37.376783298785575
UGC05716,12.37,3.0925,0.2284,83.53613096813834,1578152005.9032598,1531600000.0,46552005.903259754,0.3309999999999995,0.8107840119349993,23276002.951629877,20810954.22654022,0.977018071974632,30414496.45196211,28724366.839816194,0.8891373374268021,26177637.195005745,23534601.753779475,31058606.931494463,29333641.410330582,8.030667226313016,5.2668963385757674
UGC5005,52.0,13.0,0.1352,0,5042955115.713544,4059999999.9999995,982955115.7135445,0.36299999999999955,4.173545767027874,491477557.85677224,457459132.82025236,5.0936108081494265,608677331.4703237,550289969.257579,3.0344541695448273,324059335.0133228,299158001.08111656,29092259.513243623,32948883.847964585,6.685301426026312,4.533136416526464
UGC10359,16.039140783888254,1.6039140783888255,0.1814,0,3608927843.138829,0.0,3608927843.138829,0.5040000000000013,2.9341197313541887,1804463921.5694146,769292984.7755903,3.9215107175177932,2474014121.671011,912235010.108018,5.879621296551724,3287449190.1688433,1235720559.0122802,303890119.0150574,114128772.35737513,56.16429799995104,31.48255215280927
GASS51416,190.6,9.53,0.0421,0,381151065643.3848,4227932408.562826,376923133234.822,0.8830000000000027,5.085508395542741,188461566617.411,34124899938.457123,6.4721897346214385,209645125948.67776,37293849461.23739,18.6604754498407,318045262238.7745,66298645438.076866,90522430793.4835,17234568393.079784,615.9738906639961,400.7149251929883
LSBF568-1,85.0,21.25,0.0864,0,5007080535.558842,3134209593.9956727,1872870941.5631692,0.4299999999999997,4.384826448660101,936435470.7815846,847265432.5476602,5.893639860582375,1200611596.9018195,1085526581.662213,2.7203060453333356,625010471.1148262,578283247.2886046,246721245.56275845,234191248.1000888,9.166737783142047,6.256765868055622
GASS3971,182.4,9.120000000000001,0.7708,40.5577532410695,43731737120.01129,7693572234.006747,36038164886.00455,0.7970000000000006,3.3169352980895868,18019082443.002274,3685394625.749498,5.702994479217467,27463367792.910248,5683279006.1706705,14.90855243690057,34365064633.630264,8036066469.778523,4244882621.8468375,996052825.7623672,852.9047277449386,376.6465738165317
GASS11824,162.7,8.135,0.5714,56.88697466574465,32869956353.682014,4743818185.948829,28126138167.733185,0.7149999999999981,5.824408201102148,14063069083.866592,2690973355.2429495,6.470548443135031,15217161985.427702,2880753188.965866,13.31470424312197,24105422257.528713,5934689353.997929,3111386215.083998,586084766.0114013,138.36074259623288,115.85221119512155
UGC9969,36.03856324281064,3.603856324281064,0.4669,64.49467081005908,105000637797.50363,0.0,105000637797.50363,0.7330000000000023,7.338337919453262,52500318898.75181,18644735956.897717,10.047465890486585,70762295445.19153,25591569201.93812,20.080021187733195,99010371251.36111,35305495143.89853,7928132169.6970415,2760161696.864698,264.1424666168907,202.1663777045081
GASS21842,192.7,9.635,0.4601,64.98208034601876,201835674884.10733,7016621270.7818,194819053613.32553,0.8919999999999995,3.2125687571518737,97409526806.66277,18485557078.170746,6.435359058754051,124211920905.82597,22529262426.049644,19.30074380361875,179914556444.883,42412194716.99494,54245407079.50316,11177268979.098497,1268.7173246952377,293.5988787215317
GASS29842,146.0,7.300000000000001,0.6573,50.27936058910931,102804293782.09868,4967387449.270064,97836906332.82861,0.7929999999999993,5.842265396509779,48918453166.41431,9078069539.742271,6.500873426798944,54379249915.76813,10106077851.461369,16.728484255223524,92550558015.59883,21523299011.72661,5402649409.592325,1381045210.300742,591.2882435039709,516.2405882926129
GASS47221,136.2,6.81,0.1801,0,42123216650.50465,2606921991.3280115,39516294659.176636,0.718,3.664198191412376,19758147329.588318,4129796984.745165,4.297980595887888,22165063423.199104,4935731784.941621,9.245033639879999,36260002467.26505,8531486046.574782,9845081804.807907,1785284374.2072768,386.2952544911626,271.05328373395304
GASS30338,179.0,8.950000000000001,0.6047,54.37796026579855,124295324282.27728,6111221651.362331,118184102630.91495,0.8569999999999993,5.5335914659363326,59092051315.45747,15435026882.685665,7.368323484685788,67096958251.56753,16267155644.600397,16.8250744828526,99729121944.59334,28128459853.179592,20164633897.042057,4571400560.736944,580.3796422408393,351.5167676254723
UGC11218,22.771619631446285,2.2771619631446285,0.3994,69.33850514860065,40693293597.704506,0.0,40693293597.704506,0.7149999999999999,3.67970080283302,20346646798.852253,7423062055.251313,4.662515358736104,24428425828.163692,8976186009.895027,10.989844453374047,38671367464.680786,13624540831.780014,5792774331.295427,2112410307.9816136,438.9313034960565,286.58193088890977
NGC4010,18.0,4.5,0.7714,40.50184804462087,9158430041.079369,3964799999.9999995,5193630041.07937,0.6939999999999991,2.792008128641939,2596815020.539685,2355783624.2472057,3.4449604450516267,3290103692.0079064,2957845031.819017,7.050916649700001,4788573776.942399,4538920698.84742,328548392.44349706,351572565.38721323,162.82958325290986,118.87232054338598
DDO50,3.4,0.17,0.2915,77.50000172607614,49981793.29248352,0.0,49981793.29248352,0.3260000000000023,0.8183988696675425,24990896.64624176,6306176.481944139,1.2164639791071579,43284044.16825744,9401922.401718209,1.3372094649023256,47917894.11973007,11022921.184905516,34226551.396186605,9675462.013376389,10.84554850017371,6.52662991145408
NGC4088,18.0,4.5,0.6404,51.6171305719567,50133620346.265976,11516400000.0,38617220346.265976,0.684000000000001,4.372534342159693,19308610173.132984,16931743212.03748,5.803119981751627,26582074804.48272,23218772343.067425,12.658268921645373,37687645131.46435,33298089831.10853,5134141576.092084,4607042250.703994,566.091459681743,334.7684309249555
NGC5985,39.7,3.9700000000000006,0.5127,61.19588961910068,133917709775.64154,0.0,133917709775.64154,0.7330000000000005,10.236799111747212,66958854887.82077,23486259484.831337,13.042684367906011,89886738316.32085,31838056984.674416,22.809756934579976,126026358555.05005,44679662052.06851,8786421663.22775,3071076650.0361047,278.9155140872409,217.33084804575319
GASS24094,184.6,9.23,0.3188,75.32237743752225,210115577682.50195,2547581202.053975,207567996480.44797,0.8929999999999989,4.837666456119443,103783998240.22398,19036118846.03372,6.039640524297088,119108902817.73312,21700288763.715866,15.808408178570518,183873597157.26956,38057859623.02986,34687342307.087654,6816575194.340878,648.2413202528569,467.0107724436964
ESO245-G005,4.386011955100306,0.43860119551003063,0.5728,56.78258801964945,26527212.857229512,0.0,26527212.857229512,0.2879999999999985,1.3371768187401853,13263606.428614758,6462249.727214745,1.6178732219884524,17405047.950239807,9285031.34474955,1.0005987839999995,9045066.987211509,3725272.838326711,9038755.147376185,3725272.838326711,3.8517585457806947,2.9805449215658837
UGC6778,15.544105574508988,1.5544105574508988,0.4087,68.66807449065571,14777381131.785757,0.0,14777381131.785757,0.5540000000000003,2.154803950439884,7388690565.892879,2801618953.6254873,2.7374035846279345,8838632620.115988,3262069137.2628093,7.941154199999998,14037211332.037518,5380937314.03101,3844913937.530705,1384335441.9208636,314.59122149493663,226.24199605035525
GASS20133,209.4,10.47,0.0822,0,82259376453.38103,4854315906.335433,77405060547.0456,0.7040000000000006,4.312309855021783,38702530273.5228,8978634253.89796,5.180741752998883,44469817629.72461,9016552051.35058,13.292636133350163,68596852192.850006,15825899525.091578,12663860592.515617,2518831012.901137,460.44151807181754,266.9469825045715
GASS41783,158.9,7.945,0.3992,69.35294597090186,224395224778.26068,7016621270.7818,217378603507.47888,0.8609999999999989,2.8741337878903748,108689301753.73944,27997757912.414707,4.009784359251808,135293857295.9115,38696575593.54027,14.423128663110594,198205779900.3615,37981809035.09122,46186301283.768364,8384001210.585885,2800.222992955295,1495.2551181233316
GASS3509,207.3,10.365000000000002,0.3649,71.85024341843828,96550765093.63641,4131692917.332946,92419072176.30347,0.8470000000000013,3.317731242182964,46209536088.15173,9609948337.124083,3.818673904698573,50206570004.4609,10846283873.524815,11.156002732606286,79832904428.33095,17179252395.142435,14870643291.685843,2988101093.970337,700.1012464720557,536.7474664371439
NGC2552,11.4,2.85,0.4457,66.01356099979357,1631960047.3588223,903915920.6485188,728044126.7103035,0.4120000000000008,2.585972385841674,364022063.3551517,319426903.32147115,3.0506337549860314,453352128.5196135,397717959.0932658,4.1976206123445,613970338.2310688,543368654.4682051,101521112.89660273,92678199.73937038,21.370343376222404,17.210127256153527
GASS4048,177.3,8.865,0.5254,60.27330904122188,63843220885.08681,7518445149.183545,56324775735.90326,0.8580000000000041,3.0284577405182,28162387867.95163,5855405666.212897,4.159970859121653,37322312846.695724,7558291416.783313,10.352294186157001,54520349671.48075,13436827933.697676,13023192053.609346,2641773681.3572354,1160.5815026965931,640.2211704367904
GASS6583,206.9,10.345,0.1984,0,320774771602.89886,4227932408.562826,316546839194.33606,0.8729999999999993,5.112442526033309,158273419597.16803,28124495342.74081,5.996508453254351,172543621942.97165,30372103703.90153,18.25643053237259,264411933760.5724,50855238747.46159,53082372783.17398,9821344298.549809,609.083750970417,453.82577524922146
NGC2976,3.6,0.7200000000000001,0.4494,65.74856698327743,2064446728.8328633,153506947.46004558,1910939781.3728178,0.6980000000000004,1.3064234175331013,955469890.686409,683446458.897439,1.1859978340206507,859867792.2288699,619637850.7464054,2.6429664596355242,1776422500.1797323,1233134210.1954195,726055477.7332977,516418261.2995998,157.15102427174722,176.52287556011677
UGC508,63.859542009925455,6.385954200992546,0.6002,54.72041637109457,315742904030.2734,0.0,315742904030.2734,0.8580000000000005,7.242035959092215,157871452015.1367,55907348709.95883,11.84790194543007,198669512980.56406,71012678289.54572,30.005624347826082,286465833204.3702,112075041506.76411,54576370184.876335,19841113213.633694,666.3237606621427,295.8194406126293
NGC4455,6.8,1.7,0.6489,50.946997973732636,737237509.4526666,509599999.99999994,227637509.45266673,0.39400000000000013,1.3828613342282294,113818754.72633335,104064009.9047194,1.2257450487807884,103738862.17511366,95550479.2314151,2.257684185813334,185662482.3909793,168803191.70499563,89804434.2039905,81646213.15571663,24.56987926257899,29.8534613421514
UGC6702,99.89810525273612,9.989810525273612,0.3032,76.55091628545287,44065987026.62522,0.0,44065987026.62522,0.6410000000000018,1.8301708737614324,22032993513.31261,7964669504.459028,4.127458371094606,30155035863.7488,10602190762.00558,13.448512646218406,42293756389.53532,16640763278.583475,15723156205.411522,5575014083.897425,911.9176534039642,169.76901153976866
GASS10850,152.0,7.6000000000000005,0.5954,55.08446566905312,36498542489.71092,4227932408.562826,32270610081.148094,0.8800000000000008,2.7935041096172957,16135305040.574047,3055780095.0149527,3.6972077048877487,20222192200.67735,4118132327.892295,8.46613612450264,31381356748.741543,6973205737.412185,7225700868.25514,1554277639.204852,966.4429178379859,658.161400906282
UGC12212,15.544105574508988,1.5544105574508988,0.3342,74.14103256805615,149551397.1213329,0.0,149551397.1213329,0.4709999999999983,1.0866275087527668,74775698.56066646,31102233.01376029,1.944125821408502,138925983.11441314,53696603.71325212,1.8928547999999998,131740594.25460698,50945260.31447664,67157731.7314087,25312099.972677004,16.57649476865014,8.796175540947704
UGC477,35.5,8.875,0.8276,34.95221758037167,2476758750.8476644,0.0,2476758750.8476644,0.4629999999999992,4.507764807503662,1238379375.4238322,1084221894.2027967,6.398165383009841,1516560985.441064,1331181845.8986533,10.657479162314281,2051217241.2888415,1901465082.3397264,266263146.92755604,247997425.84319338,39.80183529472347,23.525097578801102
NGC4214,2.87,0.7175,0.144,0,1065683839.7617263,680400000.0,385283839.76172626,0.3730000000000011,0.9031453760901239,192641919.88086313,167427465.05952132,0.9164574330064575,197124404.93693426,171971654.85479546,1.71700756612,370664328.91087407,321816563.33191127,216373172.32928032,191361743.24268505,44.0457062833789,42.89071787971555
ESO121-G020,5.989926033489132,0.5989926033489132,0.3209,75.1596472700233,3709393.6065396904,0.0,3709393.6065396904,0.14000000000000057,-,-,-,0.5809894900923347,2021280.8172595077,939133.2576999497,0.43068432,1122777.2105537471,507142.3764903293,-,-,1.715696011684329,1.618600833741333
GASS10404,154.6,7.73,0.3778,70.90539089723455,203007198307.79715,2729782439.6612577,200277415868.1359,0.8970000000000002,3.7244513062931355,100138707934.06795,17677641051.082417,4.0536797804228435,105241667207.91516,18705810321.448853,14.015035878739301,168862682659.40002,32437454253.37225,34693224863.04363,7318386264.126903,832.5710201380896,710.1972492250999
LSBF563-1,23.6,5.9,0.1886,0,2246202299.5511146,2168343266.4774714,77859033.07364339,0.46499999999999986,0.8642121477606268,38929516.53682169,34587015.58202298,-,-,-,1.2477596214400013,58919641.78316294,52978139.93659177,46057556.90698719,41857796.064694636,18.155667167315837,-
UGC1736,17.623253453901906,1.7623253453901908,0.3707,71.42441109466849,9228246239.77434,0.0,9228246239.77434,0.5429999999999993,2.3234822087117126,4614123119.88717,1647336894.7476416,4.005539370100643,7023619299.51293,2591664823.7742176,8.637881471999997,9069184814.606348,3410608792.8909516,2271174440.987938,800111641.5179399,268.1461759798449,89.61701966092193
UGC6628,15.247084448881425,1.5247084448881427,0.0674,0,1061503942.3778601,0.0,1061503942.3778601,0.41199999999999726,3.145410862081104,530751971.1889301,203201312.9713982,3.6254037909071344,625512872.4818726,246999200.6774813,3.714332160000007,641654870.2250023,251797667.78594708,125771322.4115737,46452242.93036177,11.603362359037876,9.46793435222961
UGC07261,6.67,1.6675,0.5145,61.06539198457439,2121112174.5140846,1943199999.9999998,177912174.51408473,0.4259999999999984,1.3568163648487912,88956087.25704235,79124622.36241403,1.7731754533664306,105604302.19662833,92401385.86147445,2.054052198176001,132362361.467419,117272315.38939525,61287307.09327605,54420199.52935709,20.425772061339224,17.19154876404194
UGC3429,17.92027457952947,1.792027457952947,0.9288,22.223656913090547,-,0.0,-,-,-,-,-,-,-,-,-,-,-,-,-,-,-
UGC4274,6.831485889433886,0.6831485889433887,0.064,0,546848910.5761803,0.0,546848910.5761803,0.5530000000000008,0.6467013490283364,273424455.2880902,109097920.9427613,0.6530915090480647,278864624.393637,111022392.97644143,-,-,-,533968877.6901392,537087010.3832616,232.1031870832393,234.64791110030396
LSBF564-V3,8.7,0.609,0.0954,0,13160473.203615699,0.0,13160473.203615699,0.4770000000000003,0.6952574106609595,6580236.6018078495,2880968.0637395945,0.714387039046094,6784858.939012605,2976033.8249245444,0.09511323459,809116.7032700123,317738.96004688746,10351565.033606743,5334258.929760072,2.8388394328367315,2.6257301179149954
GASS42025,157.2,7.859999999999999,0.6922,47.44155613066591,96164799817.49773,4131692917.332946,92033106900.16478,0.8910000000000018,2.685133713881772,46016553450.08239,11264992245.376137,5.397127971220078,62605551842.58674,13872872619.679302,16.73119523140801,85963582178.9236,18471588466.170643,16240820355.184395,4814332337.118411,1281.1841809013918,619.8122534763891
DDO53,3.6,0.7200000000000001,0.3783,70.86892574603657,98096563.05595556,98000000.0,96563.05595556123,0.21399999999999864,-,-,-,-,-,-,0.0024266359840767232,107883.21517566776,87346.91516780748,-,-,1230.6291426314815,-
GASS10943,117.8,5.890000000000001,0.4391,66.48629132878456,30979714195.86781,639923465.4608252,30339790730.406982,0.8179999999999996,1.8731186691649282,15169895365.203491,2869145549.835487,3.073073887057789,19741950764.357357,3941365468.627528,7.690277552710189,28474332927.058876,6306989584.504436,11443105221.991215,2087504367.3368673,1225.7325269755745,463.5710189917008
UGC5750,56.1,14.025,0.5893,55.545332868397445,1907225083.734982,1400000000.0,507225083.7349821,0.375,4.205607400563312,253612541.86749104,224934860.6981711,6.64864643601391,418245013.9656748,393391361.52744406,6.332486712702859,363303722.8900439,323017654.0333988,38115722.15902491,36355399.55454037,9.422853194091948,6.265352796196796
GASS27167,162.7,8.135,0.2898,77.64029623992167,52737551991.78077,5573500387.748957,47164051604.031815,0.8840000000000003,1.3166719373212112,23582025802.015907,4573956743.05157,1.989858602923438,29196149317.620255,5507989849.264796,5.990692824109798,40269006614.37541,9333457781.64953,20007139324.40402,3670826834.106775,2027.2343810274672,939.9890503267436
NGC5585,7.06,0.706,0.4217,67.73373187282208,3182702938.744176,2356200000.0,826502938.7441758,0.41499999999999915,1.4182943614267323,413251469.3720879,145652938.6351239,2.2936608170677784,582490979.2757852,205234470.1603585,3.7214199842087585,784930952.8543327,281761085.35531074,286684258.5107335,102786050.79537867,42.611292608586524,24.090150430297157
NGC5023,4.8,0.96,0.8411,33.50659569089167,759667682.23402,453600000.0,306067682.23401994,0.5150000000000006,1.5217856196946524,153033841.11700997,107166087.74629547,1.679554736854488,161243626.77970847,112381372.52481969,3.0545029057219004,273074566.36876273,190928794.5747726,96320568.65503797,66987717.22412948,70.50000201530513,73.88695358730976
GASS14247,141.3,7.065000000000001,0.4055,68.89853788834371,243656089781.14795,6253570290.113488,237402519491.03445,0.8690000000000015,4.152989103951646,118701259745.51723,21584475370.745197,7.445772499682022,162035002587.79584,28565522001.54893,20.276589535297965,218802599829.74948,58962736734.84549,71800105280.83716,12976910307.14052,1499.242723969006,448.5888187127044
ESO4880490,22.0,5.5,0.7058,46.30430913618037,354301802.3737226,0.0,354301802.3737226,0.4320000000000004,2.1695032111459804,177150901.1868613,158348764.0815961,2.9911839426001436,250684202.25993285,220260282.24011904,3.2027703849513514,255880591.0317778,224756531.05696848,68841925.9213749,60935161.93637901,20.204556974314706,9.560628572819212
NGC3972,18.0,4.5,0.7426,43.12133607417419,8183316397.09911,1699600000.0,6483716397.09911,0.6510000000000016,3.1876399947198415,3241858198.549555,2829644165.2576203,3.9532527642253346,3875468992.7424345,3381960199.441201,8.10249595263103,6043525600.268467,5263411003.839304,1160724665.670775,1014435811.1701946,176.29029454029964,127.43237554851243
UGC4115,3.2,0.6400000000000001,0.6048,54.370337107161454,53753931.34054019,50749440.00000001,3004491.3405401884,0.2989999999999995,0.24334344566361915,1502245.6702700942,1105184.612406954,0.23362649809902736,1404268.1353418652,1043333.7628167941,-,-,-,-,-,8.740471357572465,8.753553369729563
UGC07603,4.11,0.6165,0.6572,50.28734126876828,452101415.0236786,361200000.0,90901415.0236786,0.4029999999999987,0.7948411118782646,45450707.5118393,24147841.271321278,0.7032952494945526,40568289.06417232,21854700.656826887,1.41316581752,76351520.75636572,40512173.904049836,54566005.16788616,29338902.9323332,29.467259621777213,37.96800442729966
GASS30479,131.9,6.595000000000001,0.3007,76.75147362603532,28011715890.728317,485431590.6335433,27526284300.094772,0.8020000000000014,1.5938984992115965,13763142150.047386,2590113487.3352184,1.5999747323921867,13799269953.36488,2590113487.3352184,5.913950643617722,26191644508.50566,7318165426.121247,9522139069.82502,1719353301.6002133,715.5051623470376,711.6159006016547
LSBF583-4,49.0,12.25,0.3503,72.93094843229741,1116876162.9851015,432641360.5519029,684234802.4331986,0.4969999999999999,2.375980556755087,342117401.2165993,315403904.5618788,3.239706285321607,431397161.5372002,390925155.4759557,1.9078873517268284,276922306.4736934,252515793.25980753,121267310.9759628,116327504.24313655,11.261601285565916,8.119407332402291
GASS38472,113.1,5.655,0.51,61.391484598837216,24894469156.8917,463583570.0756271,24430885586.816074,0.7659999999999982,1.8810358280398625,12215442793.408037,2345554264.9929714,2.248137126238263,13402606611.875692,2529681627.136194,7.954268476705358,22777018477.873928,5163731699.636087,8216479781.461672,1476566556.2050045,635.5292100322592,454.0269340322542
UGC06786,34.05,8.5125,0.5097,61.41320640179436,61332798908.05778,7042000000.0,54290798908.05778,0.7479999999999993,2.3953593636741592,27145399454.02889,23816129990.85975,2.85573894019788,30953669851.790863,27300833924.65593,8.996814601499999,51735331056.20032,63273379206.94131,13904047096.728712,12423752158.56513,688.9729696056852,558.4620468864841
GASS10884,110.1,5.505,0.7347,43.81888952714721,50876675171.73413,597211326.3222307,50279463845.4119,0.9039999999999999,1.0661148369283333,25139731922.70595,4981072106.422251,3.3185413006133273,39186170519.64781,8441313105.374627,11.147741488641287,46716676737.54185,10218416835.412035,24421831856.51464,4981072106.422251,5653.941236247114,1133.7398101783845
LSBF579-V1,85.0,21.25,0.1438,0,6600786262.612375,1607415070.0956376,4993371192.516738,0.5640000000000001,4.97904244220086,2496685596.258369,2231860382.541453,6.194478949745635,3155372275.7223973,2789258239.7278233,6.615362782187497,3372952866.7386994,2984293047.8320074,348473688.99065244,345027041.28903013,24.39578646202771,18.64032402240291
UGC5829,9.009640810702662,0.9009640810702662,0.1553,0,126752039.02139145,0.0,126752039.02139145,0.2599999999999998,2.3402727891126367,63376019.51069572,26977985.22216525,2.655586458263311,77096289.09431341,34399466.8320592,1.799388864,39286179.98569427,14940104.863047175,10247265.160844991,4004300.8552014716,3.494130191770329,3.098546464329321
UGC8508,2.6,0.0041600000000000005,0.4376,66.59374790360913,13594796.02755079,0.0,13594796.02755079,0.39400000000000013,-,-,-,0.38021815939168646,5033736.369287147,973346.133312542,0.5112057431684209,7805766.1052784305,1785307.2580200324,-,-,7.265044387610867,9.3039269625586
GASS23315,140.9,7.045000000000001,0.2273,83.67124512882062,42900044769.84581,883340282.272272,42016704487.57354,0.8000000000000007,1.0996525804496953,21008352243.78677,3936766559.582849,2.2960604146387316,28477370599.317085,5133187462.204413,6.9643544743007,40128721046.75117,12440653040.159773,19897081305.335228,3627623221.648779,2505.75758150606,636.9793933688393
GASS9463,152.5,7.625,0.2392,82.30394889739729,94765311893.5975,1977552562.4718575,92787759331.12564,0.8190000000000008,1.6026437380982121,46393879665.56282,8775683527.931313,3.363019229789005,60212980373.83587,12381935566.362528,10.759239675965748,82716799495.00842,28945063385.953674,36471825289.50792,6961210666.53628,3158.0752510560837,698.0614335200081
GASS40257,168.3,8.415000000000001,0.177,0,248475180519.05078,2925014583.1956573,245550165935.85513,0.8679999999999986,4.4699771919787885,122775082967.92757,21620694863.149204,5.79299332532766,138897205040.30905,41032372767.52249,16.217582180125564,205763558014.07806,42317961048.20017,49512458024.20826,9115217177.21833,623.4974472359927,374.220528843465
UGC5721,6.7,1.005,0.497,62.33089963271182,1132422565.0201242,958999999.9999999,173422565.02012435,0.36400000000000077,0.6426252310661306,86711282.51006217,47446112.38464662,0.6259856886389609,83601403.58316243,45511196.90574043,1.5901331970033425,160292175.993991,86961113.18198802,129743758.03688025,72981630.50816585,44.765721301089705,46.80788924953725
NGC5033,15.7,1.57,0.4641,64.69540811312034,58543870247.45613,15839599999.999998,42704270247.45613,0.7680000000000007,2.035320339960653,21352135123.728065,8345978934.118764,4.024254997734889,34778397413.06899,12829717602.427874,-,-,-,10271578004.42207,4930276158.2413225,1489.5842590300438,434.82049323048955
GASS10358,158.5,7.925000000000001,0.1594,0,191544164755.7098,3207214713.8748775,188336950041.83493,0.913000000000002,3.8096086815217167,94168475020.91747,16586174237.036528,4.24150658876713,101032771812.50505,18164412857.37691,12.889696033946866,163158018466.94186,34212146646.176582,34907788575.17404,6508396710.036026,716.1787433729918,579.5707429381822
GASS11019,154.2,7.71,0.5028,61.912230517433706,20006246310.22279,946516165.5487745,19059730144.674015,0.8119999999999976,4.366091662709845,9529865072.337008,2897623282.407144,4.460787910256064,9699979272.563442,2897623282.407144,8.056323667734738,17854142174.274815,7423071194.95471,2086981211.5667098,481333520.3565207,256.85950906925547,252.89481368995752
UGC5931,21.18750696143263,2.118750696143263,0.2931,77.36855430795177,2852309947.0921025,0.0,2852309947.0921025,0.35299999999999976,2.0267789947967976,1426154973.5460513,735360135.7893165,2.4960061701070284,1567171275.139029,845212517.865534,5.2269805714285695,2711585289.3813457,1463879581.895801,562541763.5361192,387224191.5759345,83.01510973322505,77.30660571658423
NGC4068,4.37,0.8740000000000001,0.3278,74.62874539067188,236309941.5863342,215600000.0,20709941.586334195,0.30400000000000027,-,-,-,-,Me_gmrerr,-,-,-,-,-,-,-,-
GASS15257,123.3,6.165,0.038,0,18706655706.77597,0.0,18706655706.77597,0.8300000000000001,1.4854418075343168,9353327853.387985,1751105085.865406,1.6250770706371875,9856452877.34242,1845258191.2010689,4.363156990157467,17177661125.131382,3775623671.6918445,7456920108.542822,1404793984.3557317,616.5667759527299,529.2075315029584
UGC9366,37.72168295470016,3.7721682954700158,0.5378,59.3679581868135,123891674013.35614,0.0,123891674013.35614,0.7400000000000002,4.271237680508823,61945837006.67806,23309789554.743034,6.752169694428886,85696956227.74365,31993232774.34423,18.3981945067245,121215489922.33794,44879331813.12472,23537152368.673965,8725539715.558819,1078.843382870421,552.3165683195476
GASS52297,140.5,7.025,0.427,67.35348838713614,50027950386.93782,4227932408.562826,45800017978.37499,0.7970000000000006,1.7572517518881823,22900008989.187496,4202922382.476002,3.1676561669090537,30307856547.75115,5697413010.32141,9.401063641578688,41872279410.42365,8615168997.40255,16015366617.085684,2966282387.684699,1113.656237255813,470.51949365333184
NGC6195,127.8,31.95,0.3057,76.35146249204762,232350993768.1782,29269800000.0,203081193768.1782,0.7520000000000007,5.901417545682124,101540596884.0891,89200393939.18144,11.450716302693234,150540926240.71136,131532719913.57135,24.716601452131872,193819570382.50034,172297502897.38293,17956297640.651756,19116816692.75206,507.96884334333583,226.84868368467517
NGC2955,97.9,24.475,0.342,73.5520290170889,171921646873.11005,40528600000.0,131393046873.11003,0.6829999999999998,5.880820309650973,65696523436.555016,57631133449.36401,8.854588422881504,83701238647.84825,73247423313.28127,21.26111737772286,115948389256.2216,101153319968.24446,14688977209.64609,14324581512.737041,436.4304073601999,226.73161025669637
UGC11124,23.662683008328965,2.3662683008328966,0.586,55.793851726119875,2145546699.244549,0.0,2145546699.244549,0.4900000000000002,4.144316492701475,1072773349.6222745,778739802.5124972,5.244551056665645,1245098849.9146621,800384667.2725624,7.068733527272727,1567618751.6166787,1085851633.5136876,224891701.52636054,86576788.78761551,15.692440449606604,11.448117884126376
GASS11845,155.5,7.775,0.7508,42.388193527186736,75950742542.18614,9911240981.377922,66039501560.80822,0.8669999999999991,4.131753431514835,33019750780.404106,11460145668.817846,5.05194116747966,38851375363.317184,22588715948.58149,12.966507467578264,60310951293.29001,13577394909.311377,10319794345.32571,3149021226.7475133,708.6014624450796,494.23619655630455
GASS38964,137.9,6.8950000000000005,0.391,69.94599080227465,293685338595.66815,2547581202.053975,291137757393.6142,0.9299999999999997,2.8454716492539696,145568878696.8071,72937989756.03894,6.8711268535913215,218770271253.9064,50768032838.55957,18.17564984893429,267126048789.0874,55991958188.12588,80145073095.1258,19278337272.328697,5518.612188361536,859.6275383563835
UGC05764,3.62,0.905,0.6102,53.957826646111094,229960780.18030238,228200000.0,1760780.1803023946,0.272000000000002,0.19022554168251674,880390.0901511973,873537.7408244173,0.17077616319926775,725984.3526590418,717566.1175594679,0.2330772932522222,1183080.5189940305,1297395.350714911,-,-,5.0354588099960385,5.216365086763513
DDO101,6.4,1.6,0.3633,71.96803496314922,120099153.94535144,0.0,120099153.94535144,0.6199999999999992,1.0201124126181942,60049576.972675726,53240920.60111781,1.0334997972534958,61785185.49027935,54793738.22836345,1.079653628416,65040336.93058123,57282875.518833056,58960145.5202624,51708374.95650625,18.98084909524842,18.484524043115204
UGC05999,16.22,4.055,0.3902,70.00395828915917,2914041270.420165,2830799999.9999995,83241270.42016576,0.35299999999999976,2.0669465464851937,41620635.21008289,39848101.975087576,2.1734040651143403,44445650.89934434,41166980.70173504,0.6486210906194283,9377684.082162948,9689921.251724767,19201439.1454268,19611815.757742435,2.5635950302733725,2.6323003277645123
UGC06614,88.7,8.870000000000001,0.0871,0,75818858167.76662,0.0,75818858167.76662,0.7699999999999996,2.3166119898570203,37909429083.88331,13348493375.656908,3.7974661607527196,50422426820.79265,17680733618.99813,12.632386286610439,70443179918.54718,25589811416.478527,16063560111.823214,5723428307.349983,677.3821326030126,234.6366349488126
NGC0289,20.8,2.08,0.3942,69.71432323185908,35821409456.035324,0.0,35821409456.035324,0.7039999999999988,2.3005855325120397,17910704728.017662,6507516105.1532955,3.1028342580655575,22409296359.30077,8223104544.7245,8.534143400219259,34875370924.90683,12431580927.086922,8575431606.634461,3112172390.642694,759.0327049747456,450.77932796146496
GASS3819,194.0,9.700000000000001,0.2227,84.26224231221909,73308158684.79062,12193490259.385115,61114668425.40551,0.5980000000000008,3.096882947951948,30557334212.702755,6331587731.311804,2.7572006893678225,27659417385.11053,5639920825.211947,9.447567356016844,52713300995.62089,12049427964.808235,7848208350.828472,2051238964.3678677,444.17296753365855,607.0610951287107
UGC1230,51.0,12.75,0.2938,77.31122221717753,10063011415.677563,8119999999.999999,1943011415.6775632,0.5150000000000006,4.175681700616212,971505707.8387816,862424551.7962065,5.500746952079831,1347605379.3778293,1191729239.7531376,3.350307147000005,822555586.3737307,740654730.6814001,178268259.41275236,169956376.56033877,13.858615234618412,6.9697872492105155
LSBF574-1,96.0,24.0,0.5569,57.963107115934235,4781131024.279515,2729782439.6612577,2051348584.6182575,0.49299999999999855,2.864431135821711,1025674292.3091288,913235241.7497141,5.819973002182067,1598485984.0509229,1419969251.204856,5.907128916480002,1610922045.97967,1438117628.6663632,343120827.0252616,338020229.93555826,37.88921578460293,12.676669213048612
NGC7814,14.4,3.6,0.5914,55.3868938198353,72110889642.34,1498000000.0,70612889642.34,0.9710000000000001,1.3806649811727254,35306444821.17,31072731886.45521,2.5550310998420773,45360846881.30659,39458482091.05505,9.614726673069445,64785133563.60658,56271575212.17886,29523967315.260098,26212337541.713047,2876.781911823666,1178.3549172661162
UGC07866,2.32,0.23199999999999998,0.3951,69.64922284181024,172392054.50073603,165200000.0,7192054.50073604,0.31299999999999883,-,-,-,0.448934873670667,4972571.047566797,2860430.8676678566,0.39636841235199993,4552392.508197951,1748274.7004614065,-,-,7.925784482439124,4.616640838054831
Haro29,5.9,1.1800000000000002,0.5479,58.626752941216466,1987380.4955976496,0.0,1987380.4955976496,-0.18700000000000117,-,-,-,0.4492276665930927,1815507.0027682434,2076580.1038695914,-,-,-,-,-,1.7812565495023935,1.2986077443341975
NGC1090,37.0,9.25,0.5878,55.658364605016324,45426200934.64174,12296200000.0,33130000934.641743,0.6419999999999995,4.098055382211165,16565000467.320871,14558081207.503815,6.529710452995017,23927246513.534847,20794681955.430008,14.141526235429955,31882603342.84481,28060638710.77862,3724445534.6739225,3396940102.872679,273.1200824143338,167.0452304570984
GASS42402,197.0,9.850000000000001,0.6573,50.27936058910931,195444267878.69293,44271887242.35731,151172380636.33563,0.8599999999999994,5.42070665688381,75586190318.16782,14311697820.854511,9.027944691150319,110046456532.88083,21574754110.619392,20.016386531716243,148490630931.75156,32079674641.164482,22082067210.448647,4037389708.457058,925.0149798346403,464.21241933527097
UGC4305,3.366239423779016,0.3366239423779016,0.2277,83.62186273705944,5292599.164059384,0.0,5292599.164059384,0.35100000000000087,-,-,-,-,Me_gmrerr,-,-,-,-,-,-,-,-
UGC10445,16.930204160770934,1.6930204160770934,0.2925,77.41778083420937,671678412.6706401,0.0,671678412.6706401,0.35299999999999976,1.315420825223002,335839206.33532006,119905772.8075453,2.549339839277936,528838038.02989596,217802068.1055812,3.459644640000002,622870129.7746775,247912728.34205052,271513858.6163955,108739337.99134654,46.866545900964155,21.067682550189435
NGC4736,4.7,0.9400000000000001,0.2238,84.11672134980876,18673446614.891083,325827500.00000006,18347619114.891083,0.6959999999999997,1.488128921967267,9173809557.445541,6426959758.668195,1.1551744270380129,7215972517.795596,5138444055.497995,4.41779970104,17993751394.161686,12517108121.590284,6342456954.712183,4482487045.442587,403.9542128366608,740.3788121281209
UGC05750,58.7,5.870000000000001,0.5118,61.26110789149129,575955861.5620855,0.0,575955861.5620855,0.39699999999999847,4.347231052240906,287977930.78104275,110934083.07507776,6.3951858723055794,499403253.0074002,199520933.7256643,5.092800915925163,363201624.9729433,137516872.35432306,39724542.16175483,16511545.361357344,9.000785875715332,5.208184667999818
NGC4100,18.0,4.5,0.6837,48.142905134963996,35462615262.268524,4342800000.0,31119815262.26852,0.7479999999999993,3.802640408617165,15559907631.134258,13555975253.928646,5.86835170545163,22265321302.18315,19350111229.49427,10.940849341649875,30308217018.91591,26471460449.04982,6331349783.130148,5544139719.270918,889.1327196072236,532.5965321596753
GASS11270,169.2,8.459999999999999,0.3191,75.29909556543171,21208406483.759796,701662127.0781801,20506744356.681618,0.8239999999999981,2.000784231967013,10253372178.340809,1952455604.9839153,2.3638955739131626,11646926859.260128,2242310240.900962,5.702059243357711,18205228808.034534,4703564745.283674,5149596733.358682,1020339121.8867818,364.2968543751695,284.2367544749362
DDO133,3.5,1.05,0.5083,61.514546400977,-,0.0,-,-,-,-,-,-,-,-,-,-,-,-,-,-,-
UGC4499,13.0,3.25,0.2308,83.2484146205913,2096743375.0671606,1680000000.0,416743375.0671605,0.35800000000000054,1.958407337346679,208371687.53358024,182318254.2782219,2.4695919357428386,256317714.65114695,224373670.76963723,2.6861604484,276941076.2625937,244684831.6993104,100386081.98285604,88152901.92859025,13.520184482409055,9.031637245924674
NGC3992,23.7,2.37,0.3581,72.35189500454132,135562538288.21747,0.0,135562538288.21747,0.7669999999999995,6.537286334999494,67781269144.108734,24627673568.175358,10.410042428899056,93658231520.46133,33075346554.213287,18.741914101385458,133037306624.65974,48061436934.12368,22183248634.09136,7845871081.472369,350.4930456317766,231.8634696491528
NGC1705,5.73,0.5730000000000001,0.3218,75.09007639809957,118148780.66712804,0.0,118148780.66712804,0.28000000000000114,0.6766279412781658,59074390.33356402,24112032.822396,0.4000889467275862,35016648.44818773,16152908.284901531,1.2911515057715988,106151969.49287315,39689664.11353684,87389126.98850279,34029020.81095697,11.877325507805038,25.790644971755054
LSBF571-8,48.0,12.0,0.7918,38.563029693432135,7130537675.772068,1137962722.629739,5992574953.142329,0.8389999999999986,0.5713928188596299,2996287476.5711646,2698847869.3038383,1.3084936102573022,4473419537.693535,3944507939.177775,3.9628522858442223,5798690082.046873,5177667203.267975,3988587362.3513193,3530130813.6238933,2290.9833589372847,871.3963494350988
GASS40317,174.7,8.735,0.2201,84.61854004248092,217006936280.79395,2606921991.3280115,214400014289.46594,0.891,2.8389609756464393,107200007144.73297,19586383551.56234,4.694425742660742,128610127973.30919,23502335156.667397,14.304078735417054,176356324848.97577,35598390469.40858,65550770787.06851,12658102691.355156,1378.2995684223272,520.8953166572338
LSBD575-2,12.078859108854116,1.2078859108854116,0.4176,68.02812089257755,27432591.164628845,0.0,27432591.164628845,0.4349999999999987,0.7484051665588145,13716295.582314424,5217614.414078216,1.0802709691692352,22029393.355730556,8306722.223929558,0.6035583999999999,9198273.789832821,3667196.2186151566,19992986.634838257,7617450.010768175,7.120125583617331,4.723153253503876
GASS3817,192.7,9.635,0.6134,53.71256366470467,37007870069.51165,20236156790.44299,16771713279.068663,0.5660000000000007,4.410318106164412,8385856639.534331,1769794850.3050551,5.452548192152567,10098774334.11218,2209844928.263238,12.810231424863954,15147544729.123117,5112704584.125362,1502229574.7812533,352164143.92646587,136.1462477572163,94.79101407445067
UGC09992,10.7,1.07,0.2573,80.4904341894462,150975875.02556333,0.0,150975875.02556333,0.4599999999999991,1.7389252432420041,75487937.51278166,29966355.74201272,1.4349619002904004,62345336.202465504,24148363.075732082,1.2694412870577778,54225120.70648818,21140104.742710717,38332263.426286355,15898816.984436762,4.515650548948299,6.192726400017208
UGC5789,14.058999946371186,1.4058999946371187,0.6165,53.474373641073846,3182158873.271431,0.0,3182158873.271431,0.4969999999999999,5.1168403723371405,1591079436.6357155,557762456.7266805,7.462237789872891,2349774710.206342,877018871.7198558,9.240806506084212,2803509568.836713,1053900500.448117,127831593.62157863,48006315.33163857,26.19754653263848,19.474306360244327
ESO2060140,60.0,15.0,0.1102,0,10379668913.128222,0.0,10379668913.128222,0.5889999999999986,5.545941909778975,5189834456.564111,4591086322.060464,6.740266121505414,6008800471.800214,5265047766.056539,8.330882171333332,6961132113.40829,6135853589.88922,825189629.6530033,764600815.4241508,33.60188423290816,24.73045304496322
UGC1281,5.5,1.1,0.8409,33.52840132940605,363972729.8102466,255576199.99999997,108396529.81024662,0.41000000000000014,1.847036377254354,54198264.90512331,38179729.05250504,1.8686924287400577,55057379.0787351,38759204.34306031,2.6512780811,83822018.70063816,60824407.53486564,25242246.840908527,17919442.384269554,19.15050263682857,18.757156115897217
UGC06818,6.98,1.745,0.5866,55.74870753312665,1590774423.4004123,1510600000.0,80174423.40041223,0.42499999999999893,0.6945937395202522,40087211.70020611,35394317.042169705,0.8117712599387473,47027515.278949454,41228549.4997122,1.3325004419811766,66852559.19694322,60073985.84647877,55781504.95827179,48693216.5233482,31.953894710665676,23.5697246209445
GASS10949,112.2,5.61,0.688,47.788978334533546,36374068976.05683,670082129.2516932,35703986846.80514,0.8390000000000004,0.9984582827251391,17851993423.40257,3565199937.269199,1.9836977377930312,22745969982.21218,5236860044.267784,9.410863665935512,34146290206.595814,6546933124.106154,17863590583.259953,3565199937.269199,3478.15790219239,1214.389087442013
GASS4057,170.0,8.5,0.5122,61.23212448031524,56664980361.57617,11120595286.13995,45544385075.43622,0.8529999999999998,1.0394446147223655,22772192537.71811,4266961986.1735296,2.655478388207532,36090842198.46564,7448960070.269154,8.360886771111115,44811334490.90814,11117281525.228079,22133536500.042946,4266961986.1735296,4041.7081199484824,1124.1444886172626
UGC00191,17.1,1.7100000000000002,0.4556,65.3044820643513,840199117.000247,0.0,840199117.000247,0.5099999999999998,1.9452199701793809,420099558.5001235,318545058.3568401,2.3707868073432317,488000068.2546289,189691136.1648006,3.1965520943011754,615158054.9534713,420466456.2740035,216862883.6397124,79813808.39795491,25.38681858088121,19.214666537154812
DDO47,5.2,1.04,0.6287,52.5310945431925,18582181.053781014,0.0,18582181.053781014,0.40999999999999837,1.0783465133806511,9291090.526890507,7165441.877500544,1.247124997777137,12306754.944120552,10016256.584843362,0.5630726758799992,2607586.553359108,1892665.400364178,8021409.894922241,6818373.378003537,4.136753706798379,3.535594971792348
GASS10942,107.5,5.375,0.0905,0,22476197937.616024,787277855.2664887,21688920082.349537,0.8489999999999984,0.9479132656547209,10844460041.174768,1932527197.0099292,1.601314708731855,13040600228.176315,2318044832.2519526,4.5384536501117685,18773596656.373173,4126905811.3739257,11011001081.130959,2031084655.0924165,1571.2460831399958,477.9804084524484
GASS7286,115.2,5.760000000000001,0.113,0,98383411813.31155,1086745963.2801697,97296665850.03139,0.7170000000000005,2.969747622342749,48648332925.01569,9016539289.405848,3.6427627279498425,55893510540.71635,9849509990.605238,11.1899511427531,88817819708.70404,18856606489.44454,24200491137.6112,4308306944.090214,1017.9200308402072,696.3571479604591
GASS51351,125.5,6.275,0.3691,71.5417068735904,138015708626.97458,6856903471.158239,131158805155.81633,0.7899999999999991,3.3674481728281735,65579402577.908165,14335867550.991129,5.266381305916195,80713979847.21796,15159681149.011635,14.791214566699994,117509886053.3799,24765558443.76629,28848174282.467377,6325422257.425226,1114.126516372508,409.1421802444185
NGC2403,3.2,0.16000000000000003,0.3216,75.10552789821901,5879409107.327105,4478600000.0,1400809107.3271048,0.6510000000000016,0.6256268304722976,700404553.6635524,148629156.36814275,-,-,-,-,-,-,1236634600.2075422,236613706.55587867,-,-
UGC11283,31.286225232769684,3.1286225232769684,0.5101,61.384243516153006,2273287348.764764,0.0,2273287348.764764,0.4120000000000008,3.487095964093083,1136643674.382382,562356039.7217906,4.617524755624732,1471719395.8896167,580353292.5787399,7.394252019512194,2152226572.912944,868908449.8390074,448864627.5668361,222937306.9662281,37.58957248501749,23.86726348823111
LSBD631-7,5.4453873031719375,0.5445387303171938,0.4269,67.36066001041715,15386525.06931059,0.0,15386525.06931059,0.3269999999999982,0.5589552926572569,7693262.534655296,3832872.235016371,0.7277772067641898,11062655.563519962,6990901.629729408,0.6803394782608699,10159542.183507504,5630823.545117444,15076848.317009259,8016726.838586191,7.480777992314588,5.164139962481872
GASS40247,167.9,8.395000000000001,0.1949,0,403839904041.5422,3281920341.4478846,400557983700.0943,0.9159999999999986,5.338933939050853,200278991850.04715,36058586570.452,6.311641424453715,218535501673.3566,40272842376.64531,19.01076186439466,348884814227.7368,76895981759.7796,41841500976.43639,8293406140.181293,783.5017311440361,606.0954004384622
UGC05005,53.7,5.370000000000001,0.146,0,1044979020.4250072,0.0,1044979020.4250072,0.3710000000000022,4.720420827402554,522489510.21250355,218214776.62641823,5.803914440358684,648021502.9984201,303607760.67336094,3.9410242900938472,417438308.65008605,189590968.16012993,29727680.067275554,12232157.12156139,6.6959510802955675,4.508233105854767
GASS41323,188.4,9.42,0.1386,0,207252175213.70093,2023615679.0442991,205228559534.65662,0.8439999999999976,5.821897580905667,102614279767.32831,30665107931.778217,6.026487442862341,104723970124.85176,32981880736.036957,15.844454801175,166453744800.27112,31941711998.2439,14170113212.241348,3433645312.3742275,314.8514534272482,296.8160176346606
GASS11437,113.1,5.655,0.702,46.62401136994013,55009414050.95473,3682375188.653534,51327038862.30119,0.8489999999999984,1.9988889097636935,25663519431.150597,6825736401.387221,4.38386798099918,34284285213.235023,7706300551.703809,11.887431666790754,49257719370.56073,10137735338.354671,17129866705.909931,3661233233.2875395,1213.4977027725633,719.063034435884
GASS39595,186.3,9.315000000000001,0.4206,67.81269195561256,108892276585.46106,15350694746.00456,93541581839.4565,0.7509999999999994,3.7094821266867193,46770790919.72825,8810595694.71946,5.150161251623378,55668954883.32895,10351383933.639153,14.990250106259992,81832380384.14986,17107521545.639637,16530906479.3101,3746473655.302119,622.6991434482018,323.7204185868036
GASS11386,197.9,9.895000000000001,0.2381,82.42290466960723,65806338130.05613,2667645005.148542,63138693124.907585,0.8759999999999977,2.573435949948208,31569346562.453793,6302271553.152217,2.997287367684647,35472019858.86486,6657574615.738861,9.536645767468208,60127357112.02398,13797364448.112555,10117816949.724371,1934199565.7936165,700.0034118240476,558.6214296805646
GASS10831,116.9,5.845000000000001,0.4825,63.374846685372226,53343005644.1962,11120595286.13995,42222410358.05625,0.8659999999999979,2.625866421536819,21111205179.028126,3944936216.5054793,2.7895908677909658,22107486776.718307,4107499042.801627,7.684565669116858,37834247246.624115,7994246412.506619,8364299196.345062,1649984707.9620702,600.9339450105216,552.553044857627
GASS15181,200.4,10.020000000000001,0.7985,37.9089446273442,167148082694.81827,30628662735.293724,136519419959.52454,0.9310000000000009,6.4086274714915845,68259709979.76227,18483233770.86371,12.405456718872703,101018830379.63629,41033585285.638084,25.328728795013078,138141133500.196,36618470755.91517,13956412375.122778,2951119612.7238364,1031.164306110632,322.9936430953977
DDO216,1.1,0.05500000000000001,0.6068,54.21775325537165,7995826.6554985,0.0,7995826.6554985,0.5820000000000007,-,-,-,0.5206226386500145,3805765.966075809,1409836.6206469147,0.12436448727999999,426606.4037490837,133139.20411574625,-,-,5.311590441858253,5.775918064746026
NGC3738,4.9,0.007840000000000001,0.001,0,336993217.44829243,0.0,336993217.44829243,0.4009999999999998,1.117021631602591,168496608.72414625,23705246.064454973,0.9315989535197163,124687839.14901015,25141794.885114815,1.7330258206799998,276375917.7057147,22031355.91855004,138167751.60304782,26076260.930185087,21.89706250935071,31.985059653799443
UGC12343,26.929915390232132,2.6929915390232133,0.3982,69.42516598830896,50682377324.45304,0.0,50682377324.45304,0.7029999999999994,3.455896668975813,25341188662.22652,9306362594.0213,8.232865609594375,44533840346.32299,16502997763.50595,15.100135526545483,52678181540.81016,23938381524.458282,9781424176.628597,3638798635.5422454,853.3564906722844,316.1681484089101
UGC1256,7.2275140569372995,0.72275140569373,0.6239,52.903366327275805,1370641540.59955,0.0,1370641540.59955,0.4740000000000002,2.4673591780051933,685320770.2997751,240909637.02320313,2.9605629085111036,847383006.3907905,301672748.01884484,4.982425973059104,1210676922.985508,452376733.21734816,132052650.24544907,47094112.44427597,59.842140751596766,44.028518031633126
NGC4389,18.0,4.5,0.8037,37.394873756321175,12768859555.951014,754600000.0,12014259555.951014,0.6879999999999988,5.025695348018962,6007129777.975507,5271718155.053864,4.966697670163797,5909873930.747751,5205460756.773796,10.173024015177853,10564012672.188248,10419861996.525358,444912234.626214,403279689.23434645,176.23227358212912,178.23664344931535
GASS4137,190.6,9.53,0.2545,80.75647177236125,151422191339.60287,4854315906.335433,146567875433.26746,0.9169999999999998,2.9492887812021453,73283937716.63373,13523392105.91311,4.02233908526037,84517614050.93427,15344482417.012905,10.928427742218966,121829311832.44232,39538763662.44856,32997231485.408478,7041666582.590983,1073.665631303751,608.7345801897358
UGC06930,16.61,4.1525,0.1869,0,7364654473.114231,4531800000.0,2832854473.1142306,0.46499999999999986,2.78832530969267,1416427236.5571153,1241590683.2414393,3.9996786960027806,1895512036.0668273,1661048361.192192,5.483148929794819,2389256646.135518,2085358410.7848704,370394160.1598271,327793873.64234644,43.441404264379514,23.2802218106062
GASS26822,161.0,8.05,0.5699,56.998719605919085,102436589942.78989,10620086050.40859,91816503892.3813,0.761000000000001,4.552677041820731,45908251946.19065,9085903924.380434,6.59896948740704,59901527294.51536,12568199831.616472,16.976245343642635,83918986155.00198,27427855977.027122,9068985320.361713,1716107802.7184772,550.8229541802422,280.0161233262701
GASS57017,138.3,6.915000000000001,0.8269,35.025785967489206,29772189308.619392,9465161655.487745,20307027653.13165,0.9379999999999988,1.0047019947531577,10153513826.565825,2378619545.335398,4.4068585814100185,20561179949.798992,7181683302.221042,5.462584245135148,21648254527.512318,8870985362.140009,10119974926.977724,2378619545.335398,4029.8269370642847,531.5378039050933
LSBF730-V1,144.0,36.0,0.3446,73.35688317867205,13005797392.854012,0.0,13005797392.854012,0.6280000000000001,5.411842809203297,6502898696.427006,5768300543.944743,7.124322410314977,7885772864.475426,7109694533.363102,8.969203059017131,9144146827.732422,9259521906.364086,664473567.8560236,687388733.2955956,43.15431351473935,27.1827715082071
GASS42140,195.7,9.785,0.656,50.38304722247263,172659218595.70795,2023615679.0442991,170635602916.66364,0.8719999999999981,5.014113067070028,85317801458.33182,16448865667.920963,5.697049205271179,92918055392.47449,17582937001.083218,20.29501853534375,158930524238.74796,37202768838.18065,23773161812.37314,5510544923.133685,895.3922509273676,742.3790819208206
NGC6789,3.52,0.7040000000000001,0.1618,0,79604642.07439828,23800000.0,55804642.07439829,0.5649999999999995,0.42058299327125814,27902321.037199143,20125362.734963737,0.34778833158401107,21929725.046416152,15963143.740210006,0.607928313578667,41643469.112764224,29191750.36160299,-,-,22.84980974370033,29.002639084506132
UGC05721,6.18,0.618,0.5699,56.998719605919085,148962842.25308156,0.0,148962842.25308156,0.36900000000000155,0.5979874096271067,74481421.12654077,28584908.68098019,0.5740631570223085,70424855.42673765,26940979.57953852,1.3982948872539431,136566271.75276378,52561344.37531944,116177873.18573512,52366597.892473534,44.324922440930415,47.308066693248705
GASS10447,201.7,10.085,0.1235,0,82933894891.0435,1062008605.0408592,81871886286.00264,0.8870000000000005,4.141370771670768,40935943143.00132,10516237110.803196,4.553176556805554,43779819202.33429,10827401604.863625,9.069199486428882,67206515884.5492,15804566099.77044,14342523950.058668,2689149222.817293,354.46401112398354,314.31214033768725
GASS10827,128.9,6.445,0.4213,67.76244283052448,22121151674.882736,685690347.1158239,21435461327.76691,0.8630000000000013,2.2490880445413626,10717730663.883455,1941606688.3047638,2.080444209650932,10140988345.1299,1835245696.0541492,6.059815374835423,19104590395.304455,4415599044.725076,5174328270.975437,1088936825.4918337,339.9478010172127,377.3953554376707
UGC4273,35.44452099155552,3.5444520991555524,0.5435,58.95009719014497,29697522707.02276,0.0,29697522707.02276,0.718,1.7823498979770227,14848761353.51138,5314079561.245989,4.824021415882616,22392722444.624397,8657712172.58832,10.126783450723755,28460369865.54254,10465832494.881523,9578273781.409674,3508595951.0267115,825.7281883423432,177.82578573464295
UGC07559,2.53,0.506,0.4792,63.611974402761014,241997641.57580984,236599999.99999997,5397641.575809878,0.24700000000000166,0.5287715680885494,2698820.7879049396,2219662.754799688,0.545460230866186,2961955.248087056,2158028.374691125,0.4363924260476002,1706522.1100906678,1210632.9105105698,5092865.079447375,3694637.0843847124,2.585886386275761,2.3669386189856056
GASS3524,162.7,8.135,0.5435,58.95009719014497,63048477844.91521,3855920184.6734285,59192557660.241776,0.9480000000000004,0.6598869588425733,29596278830.120888,6653761049.318186,2.986722268890361,57937094677.921364,13995267055.843803,6.982324783958527,61962004123.84142,21341774335.921997,37164529122.86362,7567559676.255703,19006.192921818343,2028.1505848660297
UGC03546,28.7,2.87,0.3905,69.98221804066351,72536866965.21722,0.0,72536866965.21722,0.8549999999999986,2.9052885140464837,36268433482.60861,12819418490.52791,3.357774255863911,42292424386.007904,14958380184.603832,11.109641865753906,68419473550.2515,23972406922.24394,19054624340.626377,7019238286.764465,788.2292803495661,554.5375825496841
UGC9858,38.216718164079424,3.8216718164079424,0.7367,43.643081355041446,17061954486.631664,0.0,17061954486.631664,0.6179999999999986,2.019246564802521,8530977243.315832,3122584371.968773,6.6921022069039875,17496750029.75127,6100280821.60384,6.439225098238457,17372364533.707024,7470104888.024134,4725961767.366237,1745812928.1959927,1274.863721345562,186.84722917363337
GASS11514,183.3,9.165000000000001,0.4788,63.64070722029697,32926308611.300205,1137962722.629739,31788345888.670467,0.8670000000000009,1.5380696640678806,15894172944.335234,3141887435.8478136,1.8888296596468892,18205593552.93145,3709457336.8617764,7.741191281649905,29352713291.31779,8188420717.097621,10865913268.896051,2366510016.7893176,1001.9361009575346,699.2007579107941
UGC01281,5.27,0.527,0.835,34.16627817758161,-,0.0,-,-,-,-,-,-,-,-,-,-,-,-,-,-,-
GASS14831,190.2,9.51,0.6451,51.24724757181852,149009064560.91153,12477513133.872416,136531551427.03911,0.8280000000000012,2.5483391062848377,68265775713.519554,26225634736.991924,6.688973537548936,108123262662.6081,25428875525.17647,19.084281789690205,130466661427.29335,28248170844.253613,42575259780.21677,11188504129.250692,2275.7695634228357,859.9054684593202
NGC0300,2.08,0.20800000000000002,0.4159,68.15025570288817,408525970.07051826,0.0,408525970.07051826,0.6169999999999991,0.6462357618924424,204262985.03525913,75193704.68260375,0.9219293119327017,273467446.4100777,102486600.9962458,1.5630519054165073,362508030.889054,164630903.24401796,288277432.0357418,108318109.9284255,116.54297656479405,65.43026787148322
GASS18900,194.0,9.700000000000001,0.4555,65.31164556435708,153735981783.83807,1722376279.1373334,152013605504.70074,0.8509999999999991,3.509637756857169,76006802752.35037,13833809692.526844,3.019027889479001,67951594924.47818,12516654462.897398,13.210527063328717,139990735923.67642,29867985292.242596,16183151330.087242,4217246745.4435153,722.5712346305103,891.1615486483521
NGC3741,3.21,0.642,0.1937,0,263229291.34535053,254799999.99999997,8429291.345350573,0.2889999999999997,0.36101882747582026,4214645.672675286,2965276.010257646,0.2890462840571329,3266676.070192237,2318503.370138372,0.4052093592524999,5199451.389686429,3673016.4430603236,-,-,5.95321885774689,7.506008248003092
GASS17684,154.6,7.73,0.2707,79.26973417059476,222928598290.70374,2729782439.6612577,220198815851.04248,0.9239999999999995,4.192315735685422,110099407925.52124,20476700506.253654,5.039759382634871,128685861454.28586,22895483923.982,13.687511919128767,203819254354.0645,39187729934.46048,32812896200.473846,6671199664.262578,1166.4699992013811,908.1689335688201
DDO52,10.3,0.515,0.3005,76.76756757191364,74930986.34354986,0.0,74930986.34354986,0.5030000000000019,1.0565103324566456,37465493.17177493,11184791.84912952,1.5297870305360792,56448248.326104805,17091396.89066183,0.5254521672560001,8135169.735697965,4204172.325215668,34908829.83397203,10582065.336698404,6.952088488102277,4.654367509300775
UGC5253,21.08849991955678,2.1088499919556782,0.2211,84.47931357920253,1751464651.3306296,0.0,1751464651.3306296,1.1900000000000013,-,-,-,-,Me_gmrerr,-,-,-,-,-,-,-,-
ESO3050090,11.0,2.75,0.3911,69.93874632415664,189302509.0919273,0.0,189302509.0919273,0.39899999999999913,1.3815080725188758,94651254.54596363,82900457.55455047,2.225001760545766,148427596.52713385,133505235.99316993,1.5762078842400002,109298779.45720214,99141203.27695677,60718630.85582074,53978131.92529898,11.223312060673335,4.959933720944645
UGC763,12.672901360109238,1.2672901360109239,0.4716,64.15756823407676,2094889447.3332813,0.0,2094889447.3332813,0.42100000000000115,1.5099882847919273,1047444723.6666406,392283662.24834883,2.3373575561661726,1469145296.7385736,543472301.9593483,4.946940967660568,1984151883.2387059,811539675.4698554,662809720.034988,238375612.0546714,91.65230521733756,51.249654990410804
UGC09133,108.31,27.0775,0.4249,67.50411375879101,723221803518.2213,46799199999.99999,676422603518.2213,0.7889999999999997,7.55332571288729,338211301759.11066,295815225358.9596,13.872697287682158,464019828767.56525,406129947216.21185,37.46874372376346,622868337258.4087,540852261674.8709,67502595191.687935,65352934858.758965,947.1426577396701,329.061865731393
GASS3777,169.6,8.48,0.295,77.213181982747,34791932835.3845,5083092766.781424,29708840068.603073,0.7460000000000004,2.18300277206629,14854420034.301538,3277277414.5386076,2.8097588231356188,19815485779.108963,5083962812.292282,6.266299145806448,28238475600.23787,7872009648.419314,6538853256.461573,1344118339.0719275,967.686106843243,601.9265157872567
UGC8490,4.65,0.9300000000000002,0.3876,70.19249973810858,1085651468.1729198,835800000.0,249851468.17291966,0.34399999999999764,0.8416428831135673,124925734.08645983,87631428.80130449,1.0862174722150508,155909700.73785728,110881570.27943201,2.0361034701690257,232629543.72024697,165425787.12180114,145434514.69545773,102587538.01618257,43.03197311355882,29.61877975496928
ESO1870510,-,-,-,-,-,-,-,-,-,-,-,-,-,-,-,-,-,-,-,-
AndIV,-,-,-,-,-,-,-,-,-,-,-,-,-,-,-,-,-,-,-,-
ESO079-G014,-,-,-,-,-,-,-,-,-,-,-,-,-,-,-,-,-,-,-,-
IC5152,-,-,-,-,-,-,-,-,-,-,-,-,-,-,-,-,-,-,-,-
HoI,-,-,-,-,-,-,-,-,-,-,-,-,-,-,-,-,-,-,-,-
NGC2841,14.1,0.7050000000000001,0.5861,55.786328951363686,-,13685000000.0,-,-,-,-,-,-,-,-,-,-,-,-,-,-,-
NGC2903,8.9,2.225,0.5478,58.634109510729814,-,3572800000.0,-,-,-,-,-,-,-,-,-,-,-,-,-,-,-
NGC3031,3.6,0.18000000000000002,0.4436,66.16396570359946,-,2862812160.0,-,-,-,-,-,-,-,-,-,-,-,-,-,-,-
NGC3198,13.8,0.6900000000000001,0.5835,55.98175884661826,-,15216599999.999998,-,-,-,-,-,-,-,-,-,-,-,-,-,-,-
NGC3521,10.7,2.675,0.3191,75.29909556543171,-,5815600000.0,-,-,-,-,-,-,-,-,-,-,-,-,-,-,-
NGC3627,9.3,0.4650000000000001,0.5379,59.36063686770372,-,828712584.0000002,-,-,-,-,-,-,-,-,-,-,-,-,-,-,-
NGC4826,7.5,0.75,0.4755,63.87767636740649,-,550912500.0,-,-,-,-,-,-,-,-,-,-,-,-,-,-,-
NGC7331,14.7,0.735,0.6503,50.83610472148859,-,15493799999.999998,-,-,-,-,-,-,-,-,-,-,-,-,-,-,-
NGC0055,-,-,-,-,-,-,-,-,-,-,-,-,-,-,-,-,-,-,-,-
NGC3877,18.0,4.5,0.6651,49.65436390036545,-,2076199999.9999998,-,-,-,-,-,-,-,-,-,-,-,-,-,-,-
NGC4217,18.0,4.5,0.746,42.8185041258267,-,3586800000.0,-,-,-,-,-,-,-,-,-,-,-,-,-,-,-
NGC6015,17.0,4.25,0.5616,57.61526392412623,-,8167599999.999999,-,-,-,-,-,-,-,-,-,-,-,-,-,-,-
NGC7793,-,-,-,-,-,-,-,-,-,-,-,-,-,-,-,-,-,-,-,-
NGC0247,-,-,-,-,-,-,-,-,-,-,-,-,-,-,-,-,-,-,-,-
UGC10470,21.187506961432632,2.1187506961432634,0.3745,71.14633594952862,-,0.0,-,-,-,-,-,-,-,-,-,-,-,-,-,-,-
UGC1117,-,-,-,-,-,-,-,-,-,-,-,-,-,-,-,-,-,-,-,-
UGC11300,-,-,-,-,-,-,-,-,-,-,-,-,-,-,-,-,-,-,-,-
UGC11852,80.09669687756542,8.009669687756542,0.4877,63.00086970469376,-,0.0,-,-,-,-,-,-,-,-,-,-,-,-,-,-,-
UGC2183,18.613323872660445,1.8613323872660446,0.2925,77.41778083420937,-,0.0,-,-,-,-,-,-,-,-,-,-,-,-,-,-,-
UGC9753,12.375880234481677,1.2375880234481678,0.617,53.43590056367302,-,0.0,-,-,-,-,-,-,-,-,-,-,-,-,-,-,-
UGC4325,10.1,2.525,0.4194,67.89884844930884,-,1054199999.9999999,-,-,-,-,-,-,-,-,-,-,-,-,-,-,-
UGC07151,5.5,1.375,0.7625,41.32501339701888,-,862400000.0,-,-,-,-,-,-,-,-,-,-,-,-,-,-,-
UGC12101,15.148077407005575,1.5148077407005576,0.5315,59.828539037921416,-,0.0,-,-,-,-,-,-,-,-,-,-,-,-,-,-,-
UGC04278,6.69,0.669,0.844,33.18902692363796,-,1562400000.0,-,-,-,-,-,-,-,-,-,-,-,-,-,-,-
UGC08286,8.04,0.8039999999999999,0.8736,29.78056893452952,-,898800000.0,-,-,-,-,-,-,-,-,-,-,-,-,-,-,-
AM0704-582,-,-,-,-,-,-,-,-,-,-,-,-,-,-,-,-,-,-,-,-
DDO210,-,-,-,-,-,-,-,-,-,-,-,-,-,-,-,-,-,-,-,-
DDO43,7.8,1.56,0.4525,65.52653568874852,-,0.0,-,-,-,-,-,-,-,-,-,-,-,-,-,-,-
DDO46,6.1,0.305,0.1059,0,-,0.0,-,-,-,-,-,-,-,-,-,-,-,-,-,-,-
DDO70,1.3,0.065,0.567,57.21447696847645,-,0.0,-,-,-,-,-,-,-,-,-,-,-,-,-,-,-
IC10,-,-,-,-,-,-,-,-,-,-,-,-,-,-,-,-,-,-,-,-
IC1613,-,-,-,-,-,-,-,-,-,-,-,-,-,-,-,-,-,-,-,-
ESO059-G001,-,-,-,-,-,-,-,-,-,-,-,-,-,-,-,-,-,-,-,-
ESO137-G018,-,-,-,-,-,-,-,-,-,-,-,-,-,-,-,-,-,-,-,-
ESO308-G022,-,-,-,-,-,-,-,-,-,-,-,-,-,-,-,-,-,-,-,-
ESO381-G020,-,-,-,-,-,-,-,-,-,-,-,-,-,-,-,-,-,-,-,-
D564-8,-,-,-,-,-,-,-,-,-,-,-,-,-,-,-,-,-,-,-,-
CamB,-,-,-,-,-,-,-,-,-,-,-,-,-,-,-,-,-,-,-,-
DDO161,-,-,-,-,-,-,-,-,-,-,-,-,-,-,-,-,-,-,-,-
DDO170,15.4,1.54,0.505,61.75323855539553,-,0.0,-,-,-,-,-,-,-,-,-,-,-,-,-,-,-
LSBF563-V1,54.0,5.4,0.5388,59.29472984414459,-,0.0,-,-,-,-,-,-,-,-,-,-,-,-,-,-,-
LSBF563-V2,61.0,15.25,0.2239,84.10363276383956,-,1803549372.370385,-,-,-,-,-,-,-,-,-,-,-,-,-,-,-
NGC1560,-,-,-,-,-,-,-,-,-,-,-,-,-,-,-,-,-,-,-,-
NGC1569,-,-,-,-,-,-,-,-,-,-,-,-,-,-,-,-,-,-,-,-
NGC3621,-,-,-,-,-,-,-,-,-,-,-,-,-,-,-,-,-,-,-,-
NGC6822,-,-,-,-,-,-,-,-,-,-,-,-,-,-,-,-,-,-,-,-
NGC6946,-,-,-,-,-,-,-,-,-,-,-,-,-,-,-,-,-,-,-,-
UGC1913,-,-,-,-,-,-,-,-,-,-,-,-,-,-,-,-,-,-,-,-
NGC959,-,-,-,-,-,-,-,-,-,-,-,-,-,-,-,-,-,-,-,-
UGC11429,-,-,-,-,-,-,-,-,-,-,-,-,-,-,-,-,-,-,-,-
UGC11454,-,-,-,-,-,-,-,-,-,-,-,-,-,-,-,-,-,-,-,-
UGC11557,22.0,5.5,0.1229,0,-,3647000000.0,-,-,-,-,-,-,-,-,-,-,-,-,-,-,-
UGC11583,-,-,-,-,-,-,-,-,-,-,-,-,-,-,-,-,-,-,-,-
UGC11616,-,-,-,-,-,-,-,-,-,-,-,-,-,-,-,-,-,-,-,-
UGC11648,-,-,-,-,-,-,-,-,-,-,-,-,-,-,-,-,-,-,-,-
UGC11707,-,-,-,-,-,-,-,-,-,-,-,-,-,-,-,-,-,-,-,-
UGC11748,-,-,-,-,-,-,-,-,-,-,-,-,-,-,-,-,-,-,-,-
UGC11819,-,-,-,-,-,-,-,-,-,-,-,-,-,-,-,-,-,-,-,-
UGC11861,25.1,6.275,0.3637,71.93857348938161,-,0.0,-,-,-,-,-,-,-,-,-,-,-,-,-,-,-
UGC11891,-,-,-,-,-,-,-,-,-,-,-,-,-,-,-,-,-,-,-,-
UGC11914,15.04907036512972,1.5049070365129722,0.1321,0,-,0.0,-,-,-,-,-,-,-,-,-,-,-,-,-,-,-
UGC11951,-,-,-,-,-,-,-,-,-,-,-,-,-,-,-,-,-,-,-,-
UGC12060,-,-,-,-,-,-,-,-,-,-,-,-,-,-,-,-,-,-,-,-
UGC12276,-,-,-,-,-,-,-,-,-,-,-,-,-,-,-,-,-,-,-,-
UGC12632,-,-,-,-,-,-,-,-,-,-,-,-,-,-,-,-,-,-,-,-
UGC00128,64.5,6.45,0.4863,63.101596803663845,-,0.0,-,-,-,-,-,-,-,-,-,-,-,-,-,-,-
UGC1886,-,-,-,-,-,-,-,-,-,-,-,-,-,-,-,-,-,-,-,-
UGC02023,-,-,-,-,-,-,-,-,-,-,-,-,-,-,-,-,-,-,-,-
UGC2034,-,-,-,-,-,-,-,-,-,-,-,-,-,-,-,-,-,-,-,-
UGC2045,-,-,-,-,-,-,-,-,-,-,-,-,-,-,-,-,-,-,-,-
UGC2080,-,-,-,-,-,-,-,-,-,-,-,-,-,-,-,-,-,-,-,-
UGC2141,12.17786615072997,1.2177866150729972,0.5004,62.08555715137407,-,0.0,-,-,-,-,-,-,-,-,-,-,-,-,-,-,-
UGC2193,-,-,-,-,-,-,-,-,-,-,-,-,-,-,-,-,-,-,-,-
UGC2259,-,-,-,-,-,-,-,-,-,-,-,-,-,-,-,-,-,-,-,-
UGC2455,-,-,-,-,-,-,-,-,-,-,-,-,-,-,-,-,-,-,-,-
UGC2503,-,-,-,-,-,-,-,-,-,-,-,-,-,-,-,-,-,-,-,-
UGC2800,-,-,-,-,-,-,-,-,-,-,-,-,-,-,-,-,-,-,-,-
UGC2855,-,-,-,-,-,-,-,-,-,-,-,-,-,-,-,-,-,-,-,-
UGC3013,-,-,-,-,-,-,-,-,-,-,-,-,-,-,-,-,-,-,-,-
UGC3137,-,-,-,-,-,-,-,-,-,-,-,-,-,-,-,-,-,-,-,-
UGC3273,-,-,-,-,-,-,-,-,-,-,-,-,-,-,-,-,-,-,-,-
UGC3371,-,-,-,-,-,-,-,-,-,-,-,-,-,-,-,-,-,-,-,-
UGC3382,-,-,-,-,-,-,-,-,-,-,-,-,-,-,-,-,-,-,-,-
UGC3691,-,-,-,-,-,-,-,-,-,-,-,-,-,-,-,-,-,-,-,-
UGC528,-,-,-,-,-,-,-,-,-,-,-,-,-,-,-,-,-,-,-,-
UGC00731,-,-,-,-,-,-,-,-,-,-,-,-,-,-,-,-,-,-,-,-
UGCA444,-,-,-,-,-,-,-,-,-,-,-,-,-,-,-,-,-,-,-,-
ESO116-G012,-,-,-,-,-,-,-,-,-,-,-,-,-,-,-,-,-,-,-,-
ESO444-G084,-,-,-,-,-,-,-,-,-,-,-,-,-,-,-,-,-,-,-,-
ESO563-G021,-,-,-,-,-,-,-,-,-,-,-,-,-,-,-,-,-,-,-,-
GASS24366,176.0,8.8,0.7,46.79166084923599,-,1683170208.464378,-,-,-,-,-,-,-,-,-,-,-,-,-,-,-
GASS48356,122.9,6.1450000000000005,0.2226,84.2756163224188,-,3682375188.653534,-,-,-,-,-,-,-,-,-,-,-,-,-,-,-
GASS56612,124.2,6.210000000000001,0.5426,59.01615025230741,-,718005937.5879122,-,-,-,-,-,-,-,-,-,-,-,-,-,-,-
NGC0024,-,-,-,-,-,-,-,-,-,-,-,-,-,-,-,-,-,-,-,-
NGC0801,-,-,-,-,-,-,-,-,-,-,-,-,-,-,-,-,-,-,-,-
NGC0891,-,-,-,-,-,-,-,-,-,-,-,-,-,-,-,-,-,-,-,-
NGC1003,-,-,-,-,-,-,-,-,-,-,-,-,-,-,-,-,-,-,-,-
NGC2915,-,-,-,-,-,-,-,-,-,-,-,-,-,-,-,-,-,-,-,-
NGC3109,-,-,-,-,-,-,-,-,-,-,-,-,-,-,-,-,-,-,-,-
NGC4138,18.0,4.5,0.3845,70.41760812579858,-,4908400000.0,-,-,-,-,-,-,-,-,-,-,-,-,-,-,-
NGC6674,-,-,-,-,-,-,-,-,-,-,-,-,-,-,-,-,-,-,-,-
UGC02487,80.38,20.095,0.1954,0,-,25148200000.0,-,-,-,-,-,-,-,-,-,-,-,-,-,-,-
UGC02885,80.6,8.06,0.0,0,-,0.0,-,-,-,-,-,-,-,-,-,-,-,-,-,-,-
UGC02916,-,-,-,-,-,-,-,-,-,-,-,-,-,-,-,-,-,-,-,-
UGC02953,-,-,-,-,-,-,-,-,-,-,-,-,-,-,-,-,-,-,-,-
UGC03205,-,-,-,-,-,-,-,-,-,-,-,-,-,-,-,-,-,-,-,-
UGC06917,10.47,2.6175,0.5126,61.20313709070855,-,2832200000.0,-,-,-,-,-,-,-,-,-,-,-,-,-,-,-
UGC11455,-,-,-,-,-,-,-,-,-,-,-,-,-,-,-,-,-,-,-,-
UGCA442,-,-,-,-,-,-,-,-,-,-,-,-,-,-,-,-,-,-,-,-
ESO0140040,-,-,-,-,-,-,-,-,-,-,-,-,-,-,-,-,-,-,-,-
ESO4250180,-,-,-,-,-,-,-,-,-,-,-,-,-,-,-,-,-,-,-,-
